arm,seed,games,updates,decisions,return_mean,policy_loss,value_loss,entropy,approx_kl,clip_frac,grad_norm,explained_variance,replay_loss,ref_kl,entropy_coef,replay_coef,kl_coef,rollout_s,update_s,games_per_s
R0,101,297,1,8252,-0.4993687191408041,-0.007563597751295829,0.05806061197343332,1.4954300342877467,0.004594816582669572,0.047202435661764706,0.18467599085883668,0.4122229495553882,0.0,0.0,0.01,0.0,0.0,22.3,13.3,8.36
R0,101,540,2,8333,-0.5807555382501333,-0.006774138199510111,0.034490500194069226,1.4798452934024366,0.004187329792729173,0.0400343772814977,0.1900676720018477,0.617160158895889,0.0,0.0,0.009762400000000001,0.0,0.0,17.9,15.3,7.31
R0,101,756,3,8327,-0.6302875462099203,-0.007569564867281836,0.026300228500286522,1.456827067286402,0.0038363867446687657,0.03968418096405229,0.1990921516130377,0.7531145858740436,0.0,0.0,0.009568,0.0,0.0,16.9,14.7,6.84
R0,101,981,4,8330,-0.6784721336110783,-0.011142020734429652,0.025456058674663547,1.4164874859893357,0.004972665565029393,0.05239844749040921,0.22414745178085446,0.7744823970791923,0.0,0.0,0.0093952,0.0,0.0,16.6,13.4,7.49
R0,101,1197,5,8423,-0.7083432780794019,-0.007949763620398738,0.02606601987756337,1.4052556763656274,0.004193314373371288,0.04780530820282659,0.2678196637654311,0.7508033500800586,0.0,0.0,0.0092152,0.0,0.0,18.3,14.8,6.53
R0,101,1386,6,8271,-0.6545735972063924,-0.01046948828002523,0.030254444364947997,1.3692432227104128,0.0048724437353883905,0.05897223159437826,0.2871049479180088,0.7542393280840967,0.0,0.0,0.0090424,0.0,0.0,16.0,14.4,6.22
R0,101,1593,7,8258,-0.7514885174078578,-0.008556099272329129,0.02078530159027634,1.370835144934505,0.005058449457427176,0.06091591466131908,0.2965629032994852,0.8090669620708953,0.0,0.0,0.0088912,0.0,0.0,16.7,14.3,6.68
R0,101,1782,8,8268,-0.6983506847076838,-0.01199092067680995,0.027014096680319975,1.3553471703078555,0.006535507336257562,0.08327991969814241,0.32559825634783734,0.7716099149688314,0.0,0.0,0.0087256,0.0,0.0,16.0,13.5,6.41
R0,101,1971,9,8429,-0.7223741962334798,-0.01179519977374919,0.024127306142672916,1.3557180986399784,0.006502644547588546,0.08718492588886821,0.30915170300268047,0.7638447266851015,0.0,0.0,0.0085744,0.0,0.0,15.8,14.1,6.32
R0,101,2160,10,8565,-0.6122813510532289,-0.011026775292424275,0.029376878684805947,1.335866600333067,0.006275485669893712,0.08008251421798612,0.3292817763301128,0.7973876834516549,0.0,0.0,0.0084232,0.0,0.0,15.8,15.7,5.99
R0,101,2367,11,8595,-0.6262834791536512,-0.013127009880723711,0.028707664224488273,1.342331431043776,0.006300531730645119,0.08100586650215298,0.3531933650253275,0.817831547120706,0.0,0.0,0.008272,0.0,0.0,16.9,14.9,6.52
R0,101,2556,12,8504,-0.6013134238881748,-0.01433584379676107,0.029417950572836724,1.2969055847234903,0.007691389520704905,0.10332266921191553,0.3978062193848443,0.8370734576672467,0.0,0.0,0.0081064,0.0,0.0,16.9,15.2,5.89
R0,101,2745,13,8270,-0.6896448410229873,-0.013079367672205633,0.022482275698838983,1.3154629462763014,0.008454644794557476,0.10894931891025642,0.43827719132755055,0.8234682189727538,0.0,0.0,0.0079552,0.0,0.0,16.7,13.7,6.23
R0,101,2934,14,8257,-0.6298015554086642,-0.018540522031124055,0.02626705305600648,1.3076188331035647,0.007902910132751587,0.10434724971719457,0.45217670716122127,0.8572132036403403,0.0,0.0,0.007804,0.0,0.0,16.6,14.9,6.01
R0,101,3123,15,8701,-0.6123555354216748,-0.017533219795219004,0.027537488567176967,1.2899466884002926,0.01022568453672099,0.13243431197994915,0.4410515369737619,0.8427261241847466,0.0,0.0,0.0076528,0.0,0.0,16.5,14.5,6.1
R0,101,3303,16,8285,-0.552179933923697,-0.014715155946602146,0.03142076202149304,1.2630599775325202,0.011331457098798308,0.1455010179475016,0.5078761022670997,0.8448976377353576,0.0,0.0,0.007501600000000001,0.0,0.0,16.2,13.4,6.08
R0,101,3483,17,8484,-0.5597002346110095,-0.019834505314513504,0.03374150976798501,1.2500085727520442,0.012727840332138661,0.15400689653001612,0.5029816295450903,0.8234009743744319,0.0,0.0,0.007357600000000001,0.0,0.0,16.2,14.3,5.89
R0,101,3654,18,8337,-0.592480040145876,-0.02228087748685755,0.02650235898477249,1.24998971514546,0.010982264259779904,0.14046653144016227,0.5338267281999455,0.8476268660889188,0.0,0.0,0.007213600000000001,0.0,0.0,15.7,14.3,5.71
R0,101,3834,19,8272,-0.6018893671073946,-0.023212800274697853,0.028823077281577895,1.2511301336254714,0.01418713673883545,0.16693474264705882,0.5673493971448175,0.8388543889675698,0.0,0.0,0.0070768,0.0,0.0,16.2,13.0,6.17
R0,101,4014,20,8671,-0.6011517982218592,-0.02032884794088936,0.03204506351381086,1.2159908328932114,0.01128568850277689,0.14295391507659952,0.515434237327257,0.809861940686164,0.0,0.0,0.006932799999999999,0.0,0.0,15.7,13.4,6.17
R0,101,4194,21,8676,-0.6714440566829195,-0.01870463892106115,0.025042624679392635,1.2233836072076603,0.012132890828254913,0.15414922748541565,0.5611449899454284,0.8533557052294123,0.0,0.0,0.0067888,0.0,0.0,16.8,14.5,5.75
R0,101,4356,22,8544,-0.6420209099401281,-0.02033462692159336,0.02790778169285558,1.2308366643157975,0.013549174058268486,0.16642296122994651,0.5658103697476506,0.8292719087602537,0.0,0.0,0.0066448,0.0,0.0,15.3,14.2,5.48
R0,101,4518,23,8228,-0.65088742866656,-0.02273219349901486,0.027614573996580266,1.1976998344756988,0.01502968370945632,0.1773928972630719,0.6732720094692768,0.8371778638078269,0.0,0.0,0.0065152000000000005,0.0,0.0,15.3,12.4,5.83
R0,101,4698,24,8575,-0.5493135681049222,-0.020150513982543052,0.03147637164482852,1.1876086475623946,0.015614463189073332,0.17834062068038703,0.5910338278522925,0.850165554398286,0.0,0.0,0.0063856,0.0,0.0,16.4,13.3,6.05
R0,101,4878,25,8484,-0.6135901008331149,-0.024093185471523212,0.029100734870368537,1.1952350673762508,0.014866517547041753,0.174092922164585,0.5966461732501572,0.82655232877419,0.0,0.0,0.0062416,0.0,0.0,15.9,13.5,6.12
R0,101,5067,26,8550,-0.6668082921202494,-0.021042444625802858,0.02508591021478451,1.1741634407868058,0.013506161286871021,0.16029841798800526,0.5945689270854491,0.8335024854906985,0.0,0.0,0.0060976,0.0,0.0,16.7,12.7,6.43
R0,202,297,1,8254,-0.04565645637900313,-0.014177707415834798,0.22994119048998962,1.469548390268562,0.004941606031332669,0.05304754210151802,0.29607805280429755,0.3004194874228081,0.0,0.0,0.01,0.0,0.0,21.3,13.5,8.55
R0,202,549,2,8326,-0.12758338626128202,-0.008191711015843466,0.13025660481150275,1.4469577285587412,0.004617456273145779,0.04513493538740123,0.28173178183331277,0.4208493485773579,0.0,0.0,0.009762400000000001,0.0,0.0,19.0,14.5,7.52
R0,202,765,3,8474,-0.2281968238673458,-0.008331390777644766,0.07175049896214317,1.4227704569523525,0.004193202686110549,0.04654357171725073,0.27276455926196524,0.6407385347688765,0.0,0.0,0.0095608,0.0,0.0,17.3,14.8,6.73
R0,202,981,4,8399,-0.29251342840234085,-0.008320030549923557,0.0524787883284218,1.3903619437368224,0.004878925287023813,0.05448158656578573,0.28566024015444014,0.7065887764582204,0.0,0.0,0.009388,0.0,0.0,16.9,16.8,6.4
R0,202,1170,5,8278,-0.3511546270046866,-0.013378999417272055,0.04227908046941622,1.3945920101997409,0.004458612154540612,0.04966307925786594,0.27780877469253573,0.7787849841410721,0.0,0.0,0.0092152,0.0,0.0,15.6,14.9,6.2
R0,202,1377,6,8361,-0.5581830014329877,-0.011278409963286332,0.029682260491287717,1.3915756175201173,0.004460282677153745,0.05314345713322311,0.2999219574842485,0.7938959552944473,0.0,0.0,0.009064000000000001,0.0,0.0,16.2,14.7,6.71
R0,202,1575,7,8494,-0.5630869993224816,-0.011297832403578017,0.030802304767383066,1.3576679037648203,0.004697631346134876,0.05476815105181145,0.2940124241637419,0.7998093295902334,0.0,0.0,0.0088984,0.0,0.0,16.4,14.5,6.41
R0,202,1764,8,8493,-0.6371349851349812,-0.012164004642281156,0.025704562257933397,1.3294484410526357,0.005119374188304985,0.06333256867427203,0.2983459815202387,0.8220001279674234,0.0,0.0,0.00874,0.0,0.0,15.0,12.9,6.76
R0,202,1935,9,8325,-0.6109263122505199,-0.011670547508551012,0.028955920758000506,1.317380389497283,0.0067909357951864095,0.08715917493642193,0.34902271202704366,0.8230450605076974,0.0,0.0,0.0085888,0.0,0.0,14.6,14.7,5.84
R0,202,2115,10,8491,-0.6618746468603005,-0.01541288521237482,0.02981845034582981,1.3215845690867098,0.008113112008048463,0.1114388840559217,0.35502493067947477,0.7876447419877439,0.0,0.0,0.008452,0.0,0.0,16.4,16.1,5.54
R0,202,2295,11,8306,-0.6104797745118398,-0.018112285782682275,0.026012033604581482,1.3062979602382552,0.007514335541872476,0.09798731375773995,0.3995802923971372,0.8626786207336703,0.0,0.0,0.008308,0.0,0.0,15.9,12.9,6.25
R0,202,2475,12,8324,-0.5645480766731484,-0.017743041748801657,0.03142380772525902,1.2962018869896799,0.008314465992405325,0.10524941510695186,0.4070206586010243,0.8371467950827104,0.0,0.0,0.008164,0.0,0.0,15.8,13.9,6.05
R0,202,2646,13,8487,-0.6282983675233796,-0.014440698810884708,0.024274256768614638,1.2633313119579825,0.007723531767475602,0.1009968142447657,0.41570302474138365,0.8576645050602199,0.0,0.0,0.00802,0.0,0.0,16.4,13.9,5.64
R0,202,2826,14,8517,-0.6811445356123074,-0.013984229225399323,0.029798029705437264,1.2786430459145122,0.009425300336141099,0.1216880832861991,0.42715099386466554,0.748425453576891,0.0,0.0,0.0078832,0.0,0.0,16.2,14.7,5.81
R0,202,2997,15,8195,-0.571703702300726,0.007711392571400737,0.03270429701659193,1.2403939853564028,0.009621827515728832,0.12261603860294118,0.5534005488504706,0.8349830161836449,0.0,0.0,0.0077392,0.0,0.0,16.0,13.6,5.79
R0,202,3159,16,8227,-0.6441588730726578,-0.023241973103836317,0.026451261615924274,1.285427288122631,0.010847435756048627,0.1382213432247899,0.49605159873550697,0.8130363194102068,0.0,0.0,0.0076024000000000005,0.0,0.0,15.6,12.6,5.74
R0,202,3330,17,8261,-0.6067837287559079,-0.019278631919399783,0.02438798777109552,1.3083514405608634,0.012738729232880646,0.1592283907448849,0.540446969894754,0.8547737639334075,0.0,0.0,0.0074728,0.0,0.0,15.5,12.1,6.2
R0,202,3492,18,8212,-0.6546339378523091,-0.014557396753600587,0.025081014759594004,1.2998564871886822,0.012304446125795601,0.14680606617647055,0.5777576012522448,0.8393574080616464,0.0,0.0,0.0073360000000000005,0.0,0.0,15.0,12.5,5.9
R0,202,3663,19,8603,-0.615405599849909,-0.021153478254897634,0.02616074953488977,1.2883407688300752,0.009875303044084374,0.1292094078735509,0.5098834237627747,0.8639317011201252,0.0,0.0,0.0072064,0.0,0.0,16.1,13.2,5.83
R0,202,3843,20,8217,-0.6701292966171117,-0.02648970109108605,0.024693327070178912,1.276118916414179,0.01202140668211192,0.1473196231617647,0.5699241056798603,0.8321847417185506,0.0,0.0,0.0070696000000000005,0.0,0.0,16.0,11.4,6.57
R0,202,4032,21,8384,-0.6652589073403797,-0.019131195094893697,0.030875251935269084,1.2622588411810363,0.01304296073397482,0.16330614276960786,0.538975132330876,0.8136551185356837,0.0,0.0,0.0069256000000000005,0.0,0.0,17.1,12.8,6.3
R0,202,4212,22,8319,-0.6634973956560988,-0.01982908763219842,0.02788862597939988,1.2447976395500113,0.012873748440588284,0.15816784390921723,0.5457083821634553,0.826002234538688,0.0,0.0,0.0067744,0.0,0.0,15.9,12.4,6.37
R0,202,4383,23,8271,-0.6562547474869322,-0.022806638481494567,0.028113076413317176,1.2503982303889607,0.011299598888680682,0.14015526107594936,0.5843288707726155,0.8178102959015332,0.0,0.0,0.0066304,0.0,0.0,15.5,13.1,5.98
R0,202,4581,24,8477,-0.6764538933729658,-0.022269704040502745,0.028895873591781904,1.2644491298558593,0.012546869889670109,0.15480541311919505,0.5594739205361732,0.814380476870097,0.0,0.0,0.0064936,0.0,0.0,17.4,12.7,6.57
R0,202,4770,25,8482,-0.5739709725782457,-0.020018449424609817,0.03183722006521974,1.2558268252574227,0.013448117666482667,0.15413741601166328,0.5985762438213174,0.8397417236429511,0.0,0.0,0.0063352,0.0,0.0,16.5,14.0,6.2
R0,202,4941,26,8490,-0.6242956575335091,-0.018222356372353123,0.027458061171328773,1.2715115940529262,0.013966356870570457,0.17271566108616265,0.6124311052581927,0.836673218859832,0.0,0.0,0.006184,0.0,0.0,16.2,13.5,5.77
R0,202,5121,27,8664,-0.6087014711786901,-0.020550228801028487,0.026180379473638448,1.2653290194137428,0.01351102726513033,0.16063333437188435,0.6077120783630933,0.8611697662404031,0.0,0.0,0.0060472,0.0,0.0,16.1,14.3,5.92
R0,202,5292,28,8622,-0.4717616401741345,-0.018632442077142576,0.042490566884328645,1.2285076979643772,0.013403160279486978,0.16088579963235294,0.6782757147498379,0.7998166505409159,0.0,0.0,0.0059032,0.0,0.0,13.2,13.6,6.38
R0,202,5445,29,8217,-0.43834736470307645,-0.02683927454642468,0.03951709295033098,1.2541820076624575,0.016956225614144498,0.18473460477941175,0.8351891200535728,0.8132486149058776,0.0,0.0,0.0057664000000000005,0.0,0.0,12.1,12.0,6.36
R0,202,5589,30,8372,-0.4658915379852181,-0.020823802238147615,0.03967702218115664,1.271527332042712,0.016795657770997608,0.1894588694852941,0.7048420855127209,0.7901260381308217,0.0,0.0,0.005644000000000001,0.0,0.0,12.1,14.4,5.43
R0,202,5733,31,8352,-0.3674303540986486,-0.019550186139475983,0.041008144365460394,1.2146077199221887,0.015467981615346616,0.17703929227941176,0.7364513324408929,0.8134242008432364,0.0,0.0,0.0055288,0.0,0.0,11.2,12.0,6.19
R0,202,5895,32,8299,-0.40950973648480793,-0.02595710072025978,0.039015293187014265,1.1890750938875607,0.015544402010393572,0.1776280751786696,0.7219532744890965,0.8204338892136744,0.0,0.0,0.0054136,0.0,0.0,12.7,11.2,6.78
R0,202,6048,33,8745,-0.45338690161101014,-0.021092817921826126,0.039144411145549896,1.206556632792128,0.014583818113529034,0.16791846629403795,0.7548918920851927,0.8045134135329891,0.0,0.0,0.005284,0.0,0.0,12.6,12.2,6.17
R0,202,6201,34,8303,-0.4692511695892688,-0.023600967529553735,0.035409228770676454,1.1903611810359207,0.01600382252897173,0.1848319194654213,0.7281257423358352,0.8205596213293831,0.0,0.0,0.0051616,0.0,0.0,11.9,11.0,6.67
R0,202,6354,35,8470,-0.5008355905553036,-0.021653439489021823,0.032858951943892115,1.1778100354200014,0.016021357502792825,0.18254052548402455,0.69395183047679,0.8351148600810163,0.0,0.0,0.005039200000000001,0.0,0.0,11.9,12.7,6.23
R0,202,6516,36,8493,-0.4571098886988811,-0.020421654223776634,0.041159949570642694,1.1642345480222371,0.01591813096754584,0.17787626951216534,0.7584958367974965,0.809010114464833,0.0,0.0,0.004916800000000001,0.0,0.0,12.7,11.6,6.68
R0,202,6678,37,8375,-0.3867346627869874,-0.02578886041733716,0.036641911165242805,1.15521475706996,0.015889999635636146,0.18068886109771776,0.6905634414728615,0.8533589728177758,0.0,0.0,0.0047872,0.0,0.0,13.0,11.3,6.68
R0,202,6840,38,8589,-0.3982102412248844,-0.023397216374852065,0.034915986872720996,1.1563755974302392,0.015285828426261727,0.1699469799924063,0.7244694154776511,0.8599359259068399,0.0,0.0,0.0046576000000000005,0.0,0.0,12.8,11.4,6.68
R0,202,6993,39,8619,-0.3833317334271572,-0.024880835460281872,0.04048582125401951,1.1390730889603817,0.017325336813512414,0.18244781262915002,0.729367363748905,0.8029334027299617,0.0,0.0,0.004528,0.0,0.0,12.1,14.1,5.83
R0,202,7146,40,8319,-0.42251566809723534,-0.020951764798766898,0.03952002698222848,1.1673553324683852,0.021211876056705627,0.20941159282364522,0.8473325338464854,0.8254055168998433,0.0,0.0,0.0044056,0.0,0.0,12.2,11.7,6.4
R0,202,7308,41,8326,-0.39551188982367985,-0.022887412748528634,0.04004742178557075,1.1375963196148218,0.01873658481138294,0.2003003422684372,0.8034762727842474,0.8405051423479133,0.0,0.0,0.0042832,0.0,0.0,12.2,15.3,5.88
R0,202,7470,42,8584,-0.45068306801668406,-0.023696892052219663,0.0351461270414356,1.1724885016967403,0.018711323045995428,0.1941864636479592,0.746467746807281,0.8374877146356061,0.0,0.0,0.0041536,0.0,0.0,12.8,13.7,6.12
R0,202,7623,43,8324,-0.40622963013541485,-0.02141454791095431,0.035957209498032675,1.1589841792714395,0.01936763503299419,0.19232797877673796,0.7819324333027646,0.8595553347259357,0.0,0.0,0.004024,0.0,0.0,12.0,12.7,6.19
R0,202,7776,44,8493,-0.45503345506577775,-0.023481658552341286,0.03756253562107251,1.1809458242415554,0.018805783798254625,0.194621157874487,0.7840268264008116,0.8363422908798361,0.0,0.0,0.0039016,0.0,0.0,12.2,13.0,6.06
R0,202,7938,45,8456,-0.4675230420883087,-0.02437631848045324,0.0349745321073232,1.1661841329641707,0.01816374732051362,0.1839096966911765,0.811818146454601,0.8617809440479035,0.0,0.0,0.003779200000000001,0.0,0.0,13.0,13.8,6.06
R0,202,8100,46,8669,-0.3707437253274411,-0.026583230076413947,0.046775787844319495,1.1960700183266773,0.019262527170106597,0.2017900996385189,0.7821443092648174,0.8146872515366708,0.0,0.0,0.0036496000000000002,0.0,0.0,12.7,20.7,4.85
R0,202,8262,47,8249,-0.39852461088358176,-0.015720580262527047,0.04158729665350115,1.1612095732419625,0.021805737760817297,0.20875661119711042,0.8813877120032891,0.8339496613178601,0.0,0.0,0.0035199999999999997,0.0,0.0,12.9,13.9,6.02
R0,202,8424,48,8386,-0.45784665496043125,-0.022106440140596584,0.03987042334784837,1.1700764673446447,0.019451341702731748,0.1979673997498484,0.8259100625222262,0.8336037394354019,0.0,0.0,0.0033904,0.0,0.0,12.9,15.6,5.68
R0,202,8586,49,8310,-0.5412781313385766,-0.025061618578989454,0.03387386410129466,1.1401345032946557,0.023909465623616722,0.21897004299601197,0.8045893347488833,0.834586924923065,0.0,0.0,0.0032607999999999995,0.0,0.0,13.3,12.1,6.39
R0,202,8739,50,8400,-0.36483569237782304,-0.023427955430638032,0.03843380884549316,1.1297143451502158,0.020526279229529855,0.20491020927601808,0.8096567578173035,0.8577592971559438,0.0,0.0,0.0031311999999999998,0.0,0.0,12.5,14.8,5.61
R0,202,8901,51,8551,-0.4047955639124692,-0.025375570838423258,0.03957880776694148,1.139186616153057,0.020953874758099934,0.20178920715222023,0.7991870099716778,0.8460106857659033,0.0,0.0,0.0030088,0.0,0.0,12.7,16.6,5.53
R0,202,9054,52,8480,-0.3776016814530856,-0.02772623811854468,0.03822209695288444,1.1506690334130325,0.0209485766334685,0.20514514399509803,0.865011067992459,0.8587991300525143,0.0,0.0,0.0028792,0.0,0.0,12.0,13.8,5.93
R0,202,9207,53,8227,-0.40218660812404367,-0.021490152177747794,0.04435831837366541,1.1156661250454691,0.024848769508752006,0.2116194524684874,0.9769533398452258,0.824805583699444,0.0,0.0,0.0027568000000000002,0.0,0.0,12.1,12.8,6.15
R0,202,9360,54,8227,-0.3064983778418909,-0.024346565056170236,0.045283518632628056,1.1217637455196456,0.021347178219201884,0.2070025275735294,0.933840532287399,0.8238980260681348,0.0,0.0,0.0026344000000000003,0.0,0.0,12.0,15.3,5.61
R0,202,9513,55,8542,-0.42303662864648856,-0.02256752932362853,0.03526217691183345,1.1009674487005794,0.020949022261804916,0.2024043132878151,0.8548999213324318,0.8511377256081364,0.0,0.0,0.0025119999999999995,0.0,0.0,12.2,13.9,5.86
R0,202,9675,56,8684,-0.39929216583286153,-0.02219770030940505,0.042618143193973286,1.1021388931611598,0.023405071482619298,0.20925478613701576,0.8427156938451467,0.8304357030560008,0.0,0.0,0.0023895999999999995,0.0,0.0,12.9,15.9,5.63
R0,202,9837,57,8453,-0.41922172810173497,-0.025447248674019467,0.04196670705621234,1.0671462433372714,0.02433213030034292,0.20728523988618436,0.8805678512803015,0.8241215893700605,0.0,0.0,0.00226,0.0,0.0,12.9,12.6,6.36
R0,202,9990,58,8203,-0.4386008737796064,-0.015870044008054696,0.03770675708683087,1.096661004998613,0.027295645698412207,0.22098251587566842,1.0553385798387127,0.8561262766354338,0.0,0.0,0.0021303999999999993,0.0,0.0,12.1,12.8,6.14
R0,202,10143,59,8430,-0.46219042725251236,-0.024064311094529858,0.03304298211015299,1.0826723170272794,0.023268484782119323,0.21195412907810185,0.8559114576267595,0.8650499856888334,0.0,0.0,0.0020079999999999994,0.0,0.0,12.3,15.3,5.54
R1,101,130,1,8236,-0.22463289735095757,-0.009093955299330473,0.07420620939809709,0.6301648052139314,0.003999387824364727,0.043631976938502674,0.5867114683868306,-0.041626503938106296,0.0,0.0,0.01,0.0,0.0,11.8,15.4,4.76
R1,101,260,2,8567,-0.29005130592317696,-0.014277908583797782,0.055604319357691015,0.6388832454409453,0.003472496026442535,0.040303002450980396,0.5142878304532226,0.08342631394610878,0.0,0.0,0.009965333333333333,0.0,0.0,11.3,13.4,5.28
R1,101,400,3,8750,-0.3021689382515461,-0.01657341464406512,0.05863482439782793,0.6451507884579274,0.003384054534531946,0.03474345184178743,0.5866569231689864,0.19992923907926352,0.0,0.0,0.009930666666666668,0.0,0.0,10.9,13.2,5.81
R1,101,530,4,8653,-0.34639807939766626,-0.013646358955555086,0.04883541158354646,0.6308417639752043,0.0030909925470534415,0.03440859464718642,0.5476386076532076,0.22626794834305397,0.0,0.0,0.009893333333333334,0.0,0.0,10.9,16.2,4.79
R1,101,660,5,8284,-0.3607091643627844,-0.013337433027237765,0.05570075685320702,0.6400908100025025,0.0029499622667224427,0.033209369005754476,0.5932195275784181,0.2463891635150488,0.0,0.0,0.009858666666666667,0.0,0.0,13.6,15.2,4.51
R1,101,790,6,8578,-0.3596346992011661,-0.01384435689419923,0.0498138193104339,0.6122647585372131,0.0029573619914907124,0.03276097821738799,0.5776317491542411,0.348219412727534,0.0,0.0,0.009824,0.0,0.0,12.2,18.1,4.28
R1,101,920,7,9093,-0.35322866770677325,-0.01325922537055448,0.04899098199519192,0.6249242128025123,0.003248807219568258,0.035068314744894316,0.6116773775959738,0.4306170952137439,0.0,0.0,0.009789333333333334,0.0,0.0,14.0,18.4,4.01
R1,101,1050,8,8692,-0.385561597484056,-0.01310184418542993,0.046828338067642854,0.6120073410263097,0.003031005194741657,0.03520863970588235,0.5429825232879582,0.4382819370837634,0.0,0.0,0.009754666666666667,0.0,0.0,13.3,18.1,4.14
R1,101,1190,9,8852,-0.379947614984709,-0.011697483782047598,0.05229925628581229,0.6196803208398752,0.0032812202571000856,0.03685130442942943,0.5784486456716356,0.4416723154858305,0.0,0.0,0.00972,0.0,0.0,14.4,17.3,4.41
R1,101,1320,10,8423,-0.3933626781126303,-0.015996424323608063,0.05174178225057996,0.6223720281063677,0.003174428060251786,0.03638298359116374,0.557213771142479,0.42452063455121636,0.0,0.0,0.009682666666666668,0.0,0.0,13.2,16.6,4.36
R1,101,1450,11,8319,-0.3902507131452161,-0.01309165541353014,0.04934179602589048,0.5988513265333143,0.0034073176734256776,0.03586910896248263,0.5861122628868083,0.4262540654792808,0.0,0.0,0.009648,0.0,0.0,11.8,18.5,4.29
R1,101,1590,12,8783,-0.38721856870053184,-0.009709409422519917,0.04344848009111949,0.6094696688376193,0.003288471468512245,0.03711521239890999,0.6432043837396552,0.5708955257138861,0.0,0.0,0.009613333333333333,0.0,0.0,13.9,18.3,4.36
R1,101,1720,13,8356,-0.4043700128964175,-0.014269174423786286,0.047416320905120414,0.5962325413963773,0.003366915749886481,0.0366435112535868,0.5848922407567749,0.5228354341555175,0.0,0.0,0.009576,0.0,0.0,15.1,14.2,4.45
R1,101,1850,14,8422,-0.3296703977966602,-0.012699905115785216,0.052066079517100426,0.5877537307804103,0.003439924961237015,0.03685861572890026,0.5868518332870067,0.5844553849464258,0.0,0.0,0.009541333333333334,0.0,0.0,12.1,16.4,4.57
R1,101,1980,15,8596,-0.2982608752039914,-0.014450477053241508,0.04799674832580871,0.6022280488995326,0.0040974724557359095,0.04001176197582994,0.6003828248596949,0.6323695234638749,0.0,0.0,0.009506666666666667,0.0,0.0,14.0,17.4,4.13
R1,101,2110,16,8710,-0.3262774224981114,-0.016174784616585385,0.05542502635528565,0.5931943416186165,0.0042974424907118785,0.043475115740740734,0.7865304709324943,0.5061507227857958,0.0,0.0,0.009472,0.0,0.0,13.5,19.3,3.97
R1,101,2240,17,9066,-0.32014528913872087,-0.013757837953751748,0.04338684006976365,0.5900220896798127,0.003537839155565623,0.03797563209791283,0.5916611473374521,0.6416575706766354,0.0,0.0,0.009437333333333334,0.0,0.0,14.1,18.6,3.97
R1,101,2370,18,8381,-0.38919252105111457,-0.012418824301826954,0.04658358272710889,0.580529408180579,0.0037885516247409367,0.03978724736422347,0.5769047200666038,0.6351843366092356,0.0,0.0,0.009402666666666667,0.0,0.0,13.9,15.6,4.41
R1,101,2500,19,8758,-0.35984861356877795,-0.014338178141142792,0.048942104995298434,0.5689120209488103,0.0041144031083370025,0.04227249710648148,0.6868736277573667,0.61319832054353,0.0,0.0,0.009368,0.0,0.0,12.9,21.8,3.75
R1,101,2630,20,8535,-0.3540368783797465,-0.01402859960639556,0.048338554263028397,0.5723881741210867,0.003563574980895745,0.03650863247084549,0.5645050916953743,0.6193289776056689,0.0,0.0,0.009333333333333334,0.0,0.0,13.7,18.8,4.0
R1,101,2760,21,8752,-0.3467891788551758,-0.01430437763781712,0.05283506782642923,0.5840656445141441,0.0038404603626796866,0.039876302083333336,0.641181522211011,0.5581139189746737,0.0,0.0,0.009298666666666667,0.0,0.0,13.7,20.4,3.81
R1,101,2890,22,8926,-0.2795752894254396,-0.013817855575689245,0.04549678441350352,0.5649384436710836,0.0035619346838051628,0.04075731004441942,0.587012723996016,0.6827813571903218,0.0,0.0,0.009264,0.0,0.0,14.0,18.8,3.97
R1,101,3020,23,8574,-0.3252565293671873,-0.014995836589063042,0.050693160608880655,0.5760780034602514,0.00415383013803517,0.04195895369764398,0.5893086496869588,0.6409898528702963,0.0,0.0,0.009229333333333334,0.0,0.0,13.4,17.8,4.17
R1,101,3150,24,8557,-0.4024033166807546,-0.013853868576905057,0.04662601026575622,0.5663705946780663,0.003806882328511063,0.043054051672038685,0.5862618780056642,0.54935484696332,0.0,0.0,0.009194666666666667,0.0,0.0,13.7,18.3,4.06
R1,101,3280,25,9006,-0.29026314481927135,-0.015185006131800136,0.050506560351483966,0.5540785691060567,0.004385675119983786,0.0456196249540103,0.5810255632643568,0.6504287609604545,0.0,0.0,0.00916,0.0,0.0,14.8,18.1,3.94
R1,101,3410,26,8587,-0.3224858048444031,-0.014718764910222507,0.04681105038562512,0.5537093162274778,0.004097214255200105,0.043005761936895016,0.5751452513190622,0.6849396851024818,0.0,0.0,0.009125333333333334,0.0,0.0,13.5,17.9,4.14
R1,101,3540,27,8813,-0.3680691017293396,-0.01655948036684919,0.043812743803851154,0.556591989607607,0.0037785644650967986,0.04131252588239041,0.6321890474788021,0.6625848419061118,0.0,0.0,0.009090666666666667,0.0,0.0,13.7,17.5,4.17
R1,101,3670,28,9124,-0.32889904569080836,-0.013291618916885423,0.047771077180249366,0.5491652537080677,0.0038427444566467277,0.041952143270502645,0.6121503202838947,0.6677731433366172,0.0,0.0,0.009056,0.0,0.0,14.0,18.0,4.06
R1,101,3800,29,9163,-0.375325852113,-0.01403553230291207,0.047574945051475935,0.5639466346104552,0.004747640926804364,0.0495106667763556,0.5951226551838117,0.6247397530812933,0.0,0.0,0.009021333333333333,0.0,0.0,14.6,18.3,3.96
R1,101,3930,30,8473,-0.3512512733154425,-0.012395256350505122,0.045187845567871025,0.5299275274728389,0.0039561248450320505,0.04156748400539041,0.624724799764679,0.6741299896057869,0.0,0.0,0.008986666666666667,0.0,0.0,13.8,17.2,4.2
R1,101,4060,31,9086,-0.35295718318391667,-0.015062391029160219,0.03885832732208854,0.5358691801100098,0.004925546447596122,0.04472019978912158,0.6157520706476503,0.7596828383786702,0.0,0.0,0.008952,0.0,0.0,13.9,16.8,4.23
R1,101,4190,32,9100,-0.33180733586061284,-0.015178227293146003,0.0454635796354219,0.5284961036568784,0.004147007923499261,0.04194368818392256,0.5978451148703013,0.7142163904402373,0.0,0.0,0.008917333333333333,0.0,0.0,13.6,18.9,4.0
R1,101,4320,33,9089,-0.3509801373904863,-0.013990713012453205,0.04160505555023475,0.545281205053657,0.004501086822037468,0.04146163081709956,0.6023999497400264,0.7333671345651607,0.0,0.0,0.008882666666666667,0.0,0.0,14.0,19.1,3.92
R1,101,4450,34,9174,-0.31090797384194135,-0.012882640214659572,0.04601484489730236,0.5141811133963439,0.0038980925844813562,0.040665055223108745,0.6477842635062934,0.7103922166789022,0.0,0.0,0.008848,0.0,0.0,13.9,18.7,3.99
R1,101,4580,35,9623,-0.2453550354643632,-0.013597282656288918,0.04842976876298771,0.5383463368285962,0.004277132285892435,0.044622453082568216,0.6392100486747634,0.6962399516820128,0.0,0.0,0.008813333333333333,0.0,0.0,14.0,20.7,3.75
R1,101,4710,36,8841,-0.299888413173759,-0.011987840454629571,0.05335315005395434,0.5354240640343444,0.004544343473478965,0.04690252274685726,0.6414194992686769,0.668169661289397,0.0,0.0,0.008778666666666667,0.0,0.0,13.3,19.3,3.99
R1,101,4840,37,9014,-0.2570899771014636,-0.014104199106865119,0.051418353092939864,0.5184967503553738,0.004231891648491455,0.04504945816532258,0.6409384288650595,0.6611522432485168,0.0,0.0,0.008744,0.0,0.0,13.8,23.0,3.53
R1,101,4970,38,8697,-0.3352630391449413,-0.013974259601760075,0.0436951257315795,0.5332478191467299,0.00436795281127013,0.04318089782323821,0.6399407449748975,0.7037398051314194,0.0,0.0,0.008709333333333333,0.0,0.0,13.5,17.7,4.16
R1,101,5100,39,8667,-0.4249226011717315,-0.014608009331969091,0.03743432720982074,0.5327476483185832,0.004508608026724969,0.044131373355263154,0.6344804408614689,0.7219932737120812,0.0,0.0,0.008674666666666667,0.0,0.0,12.9,18.6,4.12
R1,101,5230,40,9268,-0.37253037054299354,-0.011686043323340816,0.045798694177497414,0.5146786686945718,0.004327640180279386,0.04302805541497976,0.7220035607176802,0.704410223975019,0.0,0.0,0.00864,0.0,0.0,13.8,19.9,3.86
R1,101,5360,41,9174,-0.29604045021240705,-0.015673902013165215,0.04233887853963706,0.5112607945874472,0.005160337304447854,0.04828339705230497,0.6408770251551021,0.7391666272586149,0.0,0.0,0.008605333333333333,0.0,0.0,13.7,21.8,3.66
R1,101,5490,42,9712,-0.26935268003781143,-0.014894181052832186,0.051375861968551255,0.5049622330575787,0.004742060918209635,0.048838902005517826,0.6120304731874381,0.6588378144809989,0.0,0.0,0.008570666666666667,0.0,0.0,15.0,19.2,3.8
R1,101,5620,43,9905,-0.23719960947244684,-0.014685783479319047,0.044651919020049884,0.5270008519590823,0.004682794919873348,0.047819975944562144,0.6625518457549531,0.7617631753106374,0.0,0.0,0.008536,0.0,0.0,15.2,23.6,3.35
R1,101,5750,44,9434,-0.25544792212007583,-0.016852201754586526,0.04463179778636209,0.5263299389890065,0.004995422893893752,0.05177360914111541,0.677240308626075,0.7380781517499334,0.0,0.0,0.008501333333333333,0.0,0.0,14.1,23.7,3.44
R1,101,5880,45,9812,-0.26124073713157797,-0.0122695805897492,0.04455425644622898,0.5194871422447678,0.004471340880907334,0.04631928943452381,0.6807696457137229,0.7223733446514996,0.0,0.0,0.008466666666666667,0.0,0.0,15.4,20.1,3.66
R1,101,6010,46,9792,-0.20495325703189934,-0.017230847144925877,0.0483043132166731,0.5071250917466671,0.004917653711775198,0.045166015625,0.7594883717736843,0.7167458109729441,0.0,0.0,0.008432,0.0,0.0,15.1,18.4,3.88
R1,101,6140,47,9138,-0.26928722410662675,-0.01442699735301179,0.04434102121963162,0.502571517473603,0.004947113482656581,0.04726227478558628,0.6726565788927822,0.742169032480763,0.0,0.0,0.008397333333333333,0.0,0.0,14.0,17.4,4.14
R1,101,6270,48,9823,-0.1932316204777918,-0.013783109132002359,0.049377858948509504,0.4999681980555716,0.004348759332880011,0.04680484169407895,0.6546206210239225,0.7349712427482331,0.0,0.0,0.008362666666666668,0.0,0.0,14.8,24.0,3.35
R1,101,6400,49,9883,-0.12385356442651477,-0.01736221414362598,0.0461645014775695,0.5052036637721565,0.004890059219003406,0.048547914566532256,0.6903991274296711,0.7708265021566015,0.0,0.0,0.008328,0.0,0.0,14.6,24.4,3.34
R1,101,6530,50,9271,-0.2684546568555443,-0.021022121593126414,0.04424376421189839,0.49772066905733997,0.005459727160493716,0.05345441462320574,0.7177566840070968,0.7342758938258409,0.0,0.0,0.008293333333333333,0.0,0.0,14.6,18.6,3.91
R1,101,6660,51,9888,-0.19011792603625882,-0.013126384397316448,0.04486770041523459,0.49398127592659247,0.005035748270265325,0.0484814453125,0.6964541623023587,0.7629687604010258,0.0,0.0,0.008258666666666668,0.0,0.0,14.6,23.4,3.42
R1,101,6790,52,9176,-0.28616832501975165,-0.01505377886389448,0.04495641795825769,0.5022689837593168,0.004453678134059167,0.04671361890889831,0.6851277089792419,0.7390851454785823,0.0,0.0,0.008224,0.0,0.0,13.9,18.7,3.99
R1,101,6920,53,9886,-0.13333849056926694,-0.017110106441442573,0.04967569307760539,0.47377943183671023,0.00507410669972738,0.04955714744857594,0.6794901913388667,0.735804641739755,0.0,0.0,0.008189333333333333,0.0,0.0,14.9,19.3,3.8
R1,101,7050,54,9800,-0.2665857895451018,-0.013607879949128232,0.04791924344921904,0.49665316021942363,0.005178467976755896,0.049370659722222224,0.7657216360138518,0.7164091162031918,0.0,0.0,0.008154666666666668,0.0,0.0,14.7,21.7,3.58
R1,101,7180,55,9348,-0.15852493545531582,-0.013258446456315196,0.04088231169650757,0.49301627853748653,0.005186340928241104,0.05239639403907496,0.6825567859597351,0.8000440625240087,0.0,0.0,0.00812,0.0,0.0,14.7,24.0,3.36
R1,101,7310,56,9941,-0.19500572029593977,-0.013983213941503581,0.043882896842115986,0.49461699224645006,0.005080683284104457,0.04821811729753521,0.679192578983415,0.7611053008522946,0.0,0.0,0.008085333333333333,0.0,0.0,14.3,21.5,3.63
R1,101,7440,57,10299,-0.11792283645431291,-0.010806646575526022,0.04715668493812162,0.49336006789640313,0.006192820577360203,0.05375310545298627,0.7397091062529988,0.771970695266877,0.0,0.0,0.008050666666666668,0.0,0.0,15.3,21.4,3.54
R1,101,7570,58,9749,-0.18258656353372993,-0.011577412137046517,0.05260422535130012,0.49218354016704274,0.0044038777773015274,0.044778878348214285,0.8792708289228504,0.7125568871913409,0.0,0.0,0.008016,0.0,0.0,15.3,18.6,3.83
R1,101,7700,59,9775,-0.14155578972692395,-0.01217971519826833,0.04931424361598592,0.4694741175864875,0.005891762782467112,0.05555705618351063,0.7370352045250936,0.7416120331636236,0.0,0.0,0.007981333333333333,0.0,0.0,14.7,18.8,3.89
R1,101,7830,60,9645,-0.11191655923859248,-0.014437950091703414,0.04512032180086032,0.471784029355249,0.0052625538409865275,0.04773450918598945,0.6667546376484931,0.7679002606019,0.0,0.0,0.007946666666666668,0.0,0.0,15.1,18.4,3.88
R1,101,7960,61,9617,-0.09160545702832538,-0.014389089619446425,0.05119921271200222,0.4899036250577778,0.005701399356063158,0.051064451843253714,0.7119053404270009,0.742635713246643,0.0,0.0,0.007912,0.0,0.0,14.1,20.2,3.78
R1,101,8090,62,9517,-0.2417185634690077,-0.01370330816102228,0.04783125535374948,0.48456849962768966,0.004625268436423028,0.0486577089526141,0.6793993132192434,0.7263893518542919,0.0,0.0,0.007877333333333333,0.0,0.0,14.6,19.5,3.81
R1,101,8220,63,9536,-0.15476140075549893,-0.015093344788127192,0.04729546567547643,0.4846362256886241,0.00491327758371158,0.05133120888157895,0.7058020894197229,0.7485219407009686,0.0,0.0,0.007842666666666666,0.0,0.0,14.2,22.1,3.59
R1,101,8350,64,9961,-0.11241857315809851,-0.01427602529104149,0.04645202771853416,0.49129658154606004,0.005194882709939344,0.048297826414967805,0.7541229066548271,0.7681751117300231,0.0,0.0,0.007808,0.0,0.0,15.5,22.9,3.38
R1,101,8480,65,9323,-0.1808245895476642,-0.012118922332647665,0.04871316349471159,0.49536783254952693,0.005084664256325178,0.04962071138711264,0.7035515554619266,0.7519019682535741,0.0,0.0,0.0077733333333333335,0.0,0.0,15.0,20.4,3.67
R1,101,8610,66,8984,-0.24389442109304188,-0.015677057011158416,0.04575816884817582,0.48979479133012405,0.005866217128203792,0.05493164062500001,0.7006286285080618,0.7471996090426232,0.0,0.0,0.007738666666666666,0.0,0.0,13.4,22.5,3.61
R1,101,8740,67,9640,-0.11068422727478398,-0.015226684175000659,0.045219926963262866,0.4807974015513841,0.005631989116523176,0.054454269333416086,0.7458223553292596,0.7911320135435129,0.0,0.0,0.007704000000000001,0.0,0.0,13.3,21.2,3.77
R1,101,8870,68,10227,-0.15234229945609734,-0.01426301410475754,0.04696390499642825,0.47931407684909677,0.005697942624864561,0.05107221278494489,0.754151851436436,0.761125654477915,0.0,0.0,0.0076693333333333336,0.0,0.0,14.9,21.4,3.58
R1,101,9000,69,9326,-0.1743223688267594,-0.014974354923016618,0.0433640001333813,0.4665899724552724,0.006158354431309791,0.05533838591507177,0.7571700072748687,0.7958009332971032,0.0,0.0,0.007634666666666666,0.0,0.0,13.7,19.7,3.88
R1,101,9130,70,9507,-0.15375038336522243,-0.015020488506193209,0.04571497195262799,0.46566134089109756,0.00596923215056621,0.05464122411376378,0.7078636205598992,0.788726654395859,0.0,0.0,0.007600000000000001,0.0,0.0,14.4,21.7,3.6
R1,101,9260,71,9011,-0.07473987039321817,-0.015600113399186445,0.0480187636158536,0.4667192122265376,0.00678953719299106,0.05436409982356135,0.7410188283182584,0.7939128377996301,0.0,0.0,0.007565333333333334,0.0,0.0,14.1,18.6,3.98
R1,101,9390,72,10073,-0.13687328496793472,-0.014567646948747643,0.05342871313345363,0.46700766775832864,0.005376364376742946,0.05222911005434783,0.7996159737265444,0.6921998813431669,0.0,0.0,0.007530666666666666,0.0,0.0,15.3,19.4,3.75
R1,101,9520,73,9615,-0.11603232208894873,-0.01559881321300125,0.04727343577414838,0.4666169708427949,0.006388438045409339,0.053177441444895134,0.7585266728320968,0.770221784755438,0.0,0.0,0.007496,0.0,0.0,14.8,19.5,3.79
R1,101,9650,74,9588,-0.20625486836138057,-0.015462007287434755,0.048469332277407275,0.4792765920875588,0.005527215815698527,0.049820714841539326,0.780072948479036,0.7316684116474436,0.0,0.0,0.007461333333333334,0.0,0.0,15.1,20.6,3.65
R1,101,9780,75,9532,-0.11258942759115914,-0.015756034612348584,0.04671510732981778,0.4690444032581015,0.005541633074481613,0.05449784778897401,0.7327479830249707,0.780596455361042,0.0,0.0,0.0074266666666666665,0.0,0.0,13.9,22.4,3.58
R1,101,9910,76,9837,-0.0795750374756451,-0.018443316727338056,0.04720531695265355,0.46014416294199184,0.0060809387050770785,0.05323766305905964,0.7835362899524062,0.7644157093352072,0.0,0.0,0.007392,0.0,0.0,13.7,20.1,3.85
R1,101,10040,77,10026,0.02730153295269229,-0.014971811971056853,0.04776142485324007,0.45522812915898536,0.006888415016427789,0.056051246591862426,0.8176806642737369,0.7721672037631113,0.0,0.0,0.007357333333333334,0.0,0.0,14.4,21.7,3.6
R1,101,10170,78,9606,-0.006001420855348244,-0.014818166329655939,0.05284319341564219,0.47157709131204595,0.00708395091973287,0.06136212677125505,0.8193597729022295,0.7427174699809115,0.0,0.0,0.0073226666666666666,0.0,0.0,14.2,21.1,3.69
R1,101,10300,79,9712,0.009350734736479429,-0.015997012514127256,0.04528586716051939,0.4676584934352803,0.006526374343976694,0.055890379615874355,0.7095289683307561,0.7752963592830431,0.0,0.0,0.007287999999999999,0.0,0.0,15.0,20.3,3.67
R1,101,10430,80,9888,-0.06906422575950974,-0.01630248574003997,0.05023564334555759,0.4879491772037657,0.00625289897639522,0.0573291015625,0.7797486222992553,0.73207364255365,0.0,0.0,0.007253333333333334,0.0,0.0,15.4,22.2,3.45
R1,101,10560,81,9547,-0.0644407551478086,-0.01438258350790295,0.04931209656503993,0.4588048070354907,0.006674838317287778,0.060174511051041504,0.7584596349338814,0.7577837960503039,0.0,0.0,0.007218666666666667,0.0,0.0,14.0,20.6,3.76
R1,101,10690,82,9619,-0.049524406169702884,-0.015357143215089644,0.04794113435650365,0.449011725468488,0.0054148689274072055,0.05477275950519133,0.7541881947773488,0.7524364184846548,0.0,0.0,0.007184,0.0,0.0,14.6,21.4,3.61
R1,101,10820,83,9479,-0.15119719209363894,-0.015365227650485492,0.048848603488927424,0.47868946895741166,0.006693800679432674,0.05747002889233539,0.7958621341111901,0.7451200479369741,0.0,0.0,0.007149333333333334,0.0,0.0,13.7,21.0,3.75
R1,101,10950,84,9582,-0.05908168439090646,-0.015626224480144547,0.04575543039715723,0.4686520533080014,0.006335969586801075,0.058405571433707226,0.8008283317346038,0.7817280766403112,0.0,0.0,0.007114666666666667,0.0,0.0,15.2,15.8,4.2
R1,101,11080,85,9513,-0.07602084583256312,-0.015093369292260439,0.0492380887197381,0.4529385292778302,0.006198341671654284,0.05470212334418749,0.7847663522663764,0.7383927095747234,0.0,0.0,0.00708,0.0,0.0,11.5,16.4,4.66
R1,101,11210,86,9154,-0.11238815175542552,-0.016263039648136773,0.047558318590844306,0.4470550171396907,0.006157818895410627,0.05570288387345679,0.7614554750579057,0.7633393654946065,0.0,0.0,0.007045333333333334,0.0,0.0,11.1,14.7,5.05
R1,101,11340,87,10153,-0.12574857479434923,-0.014867743915198081,0.05351869283816226,0.4573046183425326,0.0067402973284125,0.05827016314338236,0.7932669678146145,0.6911228969187031,0.0,0.0,0.007010666666666667,0.0,0.0,11.5,18.2,4.38
R1,101,11470,88,9504,-0.12513758562811972,-0.015371063374167958,0.04401450160330474,0.4432657930718991,0.0066693834330759155,0.05946466100146199,0.8226860906248497,0.7752573518539506,0.0,0.0,0.0069759999999999996,0.0,0.0,14.3,20.8,3.7
R1,101,11600,89,9753,-0.10377274670090543,-0.013323226785657175,0.05270431037437082,0.4634413956757378,0.006194821243822355,0.0565146484375,0.970880043646925,0.7132054112643875,0.0,0.0,0.006941333333333333,0.0,0.0,13.8,20.3,3.81
R1,101,11730,90,9371,-0.1591379795106341,-0.011868158240787156,0.0454429804685911,0.4477795072088578,0.006845173088426774,0.06004400334252971,0.7961583362113602,0.7632914216864939,0.0,0.0,0.006906666666666667,0.0,0.0,13.6,19.2,3.96
R1,101,11860,91,10670,-0.012674659264854922,-0.014695021807427424,0.044805535778060915,0.45488520346200306,0.007846415706420272,0.05630461396040974,0.8523120831357724,0.7647145203103864,0.0,0.0,0.006872,0.0,0.0,13.9,20.0,3.83
R1,101,11990,92,9214,-0.09401137879333238,-0.01607285268878279,0.052741297439574154,0.4593130021238735,0.006869442489228748,0.058905867034313726,0.7555628726369782,0.7171454442391958,0.0,0.0,0.006837333333333334,0.0,0.0,14.0,18.5,4.0
R1,101,12120,93,9256,-0.158758575064529,-0.015905531192821426,0.04429016520755166,0.4461873900850506,0.006359111654220286,0.05388569078947369,0.8579777327951266,0.7582891851485727,0.0,0.0,0.006802666666666667,0.0,0.0,13.3,18.5,4.1
R1,101,12250,94,9692,-0.10878575481520002,-0.016901102323576684,0.04859433311480704,0.44538080090512433,0.006930431759636834,0.05898074690402475,0.7475108746068196,0.7528689719156492,0.0,0.0,0.006768,0.0,0.0,13.3,18.4,4.1
R1,101,12380,95,9181,-0.1777015552401576,-0.016396779731685983,0.045550779521784684,0.4613804567703712,0.007249748441426947,0.06289438975876427,0.8303441775476439,0.7674446894683072,0.0,0.0,0.006733333333333333,0.0,0.0,13.0,19.2,4.03
R1,101,12510,96,9596,-0.11654418977093016,-0.01538951139796114,0.040258358739135795,0.4361718479068221,0.006494833931044059,0.05367090114265928,0.8455605265073318,0.8156873108585575,0.0,0.0,0.006698666666666667,0.0,0.0,13.7,18.6,4.02
R1,101,12640,97,9671,-0.11822571043728831,-0.01538077917568974,0.04654226626563385,0.44026441062145344,0.006759522087943704,0.0543701877891845,0.7664837133074563,0.7805591851855896,0.0,0.0,0.006664,0.0,0.0,13.9,20.5,3.78
R1,101,12770,98,9714,-0.15834145758563295,-0.015201796702273661,0.048415438630882865,0.44730072770189544,0.007070295070093305,0.05773391675253645,0.8300694916991954,0.7689488447109142,0.0,0.0,0.006629333333333333,0.0,0.0,13.2,20.1,3.9
R1,101,12900,99,9695,-0.13033798106870967,-0.015526253846843679,0.046771650871976,0.44148694835141916,0.0072761808799092385,0.05895595049651137,0.7609886510564466,0.7706303117207455,0.0,0.0,0.006594666666666667,0.0,0.0,13.5,18.2,4.1
R1,101,13030,100,9733,-0.09593081618090607,-0.01639894747401604,0.05067318298410126,0.46156460147500294,0.007211681433882541,0.0582861328125,1.1143994656190213,0.7382466817530686,0.0,0.0,0.00656,0.0,0.0,13.4,18.7,4.05
R1,101,13160,101,9695,-0.1506248446612099,-0.015549770379501492,0.045077046344388,0.4473229303424337,0.007551275070871448,0.06006100806230085,0.7813635859792631,0.759302041047043,0.0,0.0,0.0065253333333333335,0.0,0.0,13.6,20.4,3.82
R1,101,13290,102,9873,-0.18820533755329286,-0.01057947757445054,0.047038413393900226,0.4515125503248334,0.006755007080063666,0.055990369073275856,0.9396897964251971,0.7533597027925576,0.0,0.0,0.006490666666666667,0.0,0.0,13.9,17.5,4.15
R1,101,13420,103,9343,-0.20955700978335368,-0.017644568366640162,0.04738572357299959,0.45150122989767744,0.007909856748643786,0.06301984854175299,0.884469891013435,0.7500615644466534,0.0,0.0,0.006456,0.0,0.0,13.2,18.9,4.05
R1,101,13550,104,9507,-0.12743950412833857,-0.01615468353637089,0.04450846662873146,0.4333632713589134,0.008222209323656039,0.06451450236819498,0.8244482875089678,0.7794733124113029,0.0,0.0,0.006421333333333333,0.0,0.0,12.8,18.8,4.11
R1,101,13680,105,9906,-0.15080373754478463,-0.01820087978231008,0.0473578009437318,0.4344806732539503,0.00754840380876492,0.06198264132724719,0.818872374615637,0.7532462107523232,0.0,0.0,0.006386666666666667,0.0,0.0,12.8,18.7,4.13
R1,101,13810,106,9913,-0.0817847437865791,-0.012659187231445285,0.047126956721812496,0.43008254385911726,0.007350438975008615,0.05831001900337838,0.8972225434275721,0.7585270315746862,0.0,0.0,0.006352,0.0,0.0,13.6,21.9,3.67
R1,101,13940,107,9603,-0.12039905125442328,-0.014320898084915771,0.04646092546968226,0.44132008273198187,0.0069045280658658,0.05966341331769346,0.8018822656158605,0.769716194187356,0.0,0.0,0.006317333333333334,0.0,0.0,13.2,17.5,4.23
R1,101,14070,108,10520,-0.10401101605082527,-0.01759696708954256,0.044998470261000865,0.43869782944565827,0.008014134303759985,0.06437406994047619,0.8592160697599078,0.7712546896626353,0.0,0.0,0.006282666666666667,0.0,0.0,13.3,21.3,3.76
R1,101,14200,109,9484,-0.16863489306310808,-0.01597743517050773,0.046616781383583814,0.4450294669210564,0.007211561030598939,0.05913611424783976,0.8379203912570777,0.7668785413376104,0.0,0.0,0.006248,0.0,0.0,14.1,18.4,4.01
R1,101,14330,110,9645,-0.19433456219566636,-0.01504228841138819,0.044593191377359,0.44343225179179835,0.006986698446723411,0.05788058740875352,0.8225963203186267,0.7555035103177098,0.0,0.0,0.006213333333333333,0.0,0.0,13.3,20.9,3.8
R1,101,14460,111,9552,-0.08333303372325525,-0.016740972153710038,0.043489489133844234,0.4402517181421577,0.0077498812899937436,0.06636219454887218,0.8792860456362197,0.7888599542313303,0.0,0.0,0.0061786666666666665,0.0,0.0,13.6,21.7,3.69
R1,101,14590,112,9825,-0.07255198321384519,-0.01597762587901633,0.042350328084213636,0.42962204041321445,0.006909106221656547,0.05911223421391752,0.8722742363514687,0.7969289928147216,0.0,0.0,0.006144,0.0,0.0,14.3,17.5,4.09
R1,101,14720,113,10044,-0.050580322633913766,-0.01403495961062901,0.050952279070543074,0.4203686985871909,0.007908482830301234,0.061066987242879754,0.8664845223143327,0.7620373017575333,0.0,0.0,0.006109333333333333,0.0,0.0,13.4,21.0,3.78
R1,101,14850,114,9518,-0.08935135398078387,-0.014923868433092295,0.043023348560392825,0.4143882705883155,0.00755135109425015,0.058404326148048094,0.7992727635847002,0.803457840559393,0.0,0.0,0.006074666666666667,0.0,0.0,13.9,19.6,3.88
R1,101,14980,115,9632,-0.13787438970773666,-0.014621826064007718,0.044341708521874725,0.4317279615939417,0.007438821554302388,0.060281977479757096,0.8204981324367684,0.8016606828016919,0.0,0.0,0.00604,0.0,0.0,14.3,18.3,3.98
R1,101,15110,116,9522,-0.06340743648148277,-0.015947313245638774,0.04271687118304356,0.4272652689847347,0.0066971920536738365,0.06070677997076022,0.7934763928200715,0.8083732837457686,0.0,0.0,0.006005333333333333,0.0,0.0,13.5,18.6,4.05
R1,101,15240,117,10080,-0.07032578644261742,-0.01506923340948857,0.04311976882231854,0.43092809494333545,0.007807473903600354,0.05890669389204546,0.8600092786610384,0.8110759985015406,0.0,0.0,0.005970666666666667,0.0,0.0,13.4,18.3,4.11
R1,101,15370,118,9779,-0.1967130348509402,-0.013804210504962186,0.04510075130107353,0.43250310430932865,0.008464317988388818,0.06165412454044117,0.8848946288807535,0.7738304583897788,0.0,0.0,0.005936,0.0,0.0,13.4,19.8,3.92
R1,101,15500,119,9789,-0.08322444135962535,-0.009110025141684413,0.045784174945691015,0.4346325946479593,0.008359176995471451,0.06634461449795082,0.8790601627520273,0.7792106161027854,0.0,0.0,0.005901333333333334,0.0,0.0,13.5,21.7,3.7
R1,101,15630,120,9979,-0.1390862742252696,-0.015411444007179049,0.04659873067043268,0.43263644780729915,0.007219830561337531,0.06059249330801793,0.8022271693893088,0.7554504279165003,0.0,0.0,0.005866666666666667,0.0,0.0,14.1,19.9,3.82
R1,101,15760,121,9775,-0.027024791879870644,-0.011925265177563423,0.042016800864500874,0.42224049713960027,0.0072714084406486305,0.05971783577127661,0.8553716420350408,0.8163083621381779,0.0,0.0,0.005832,0.0,0.0,12.9,19.3,4.04
R1,101,15890,122,10041,-0.13009365092595448,-0.01528279112977623,0.04979937636433636,0.43465351850462397,0.007906611154814978,0.06591867075179712,0.8650278102301752,0.7374130232255517,0.0,0.0,0.005797333333333333,0.0,0.0,13.9,19.3,3.91
R1,101,16020,123,9591,-0.13797241484074999,-0.017207817132660164,0.048358389628258024,0.4314820071464262,0.008621359354608208,0.06372553453947369,0.8832109918454665,0.751993732676834,0.0,0.0,0.005762666666666667,0.0,0.0,15.1,21.9,3.51
R1,101,16150,124,10101,-0.17153083461526772,-0.01611690040920939,0.042522632043532446,0.4320170773633378,0.007993863554429794,0.060682559588639405,0.8511955240480523,0.7793268635137205,0.0,0.0,0.005728,0.0,0.0,14.2,21.0,3.69
R1,101,16280,125,9729,-0.12958161899666285,-0.023011465172758205,0.040793582921524955,0.4338882784637888,0.007898406486186343,0.0858642578125,0.8858553766747953,0.8061680266199592,0.0,0.0,0.005693333333333333,0.0,0.0,13.5,18.7,4.04
R1,101,16410,126,9859,-0.12488786194447667,-0.013795320319184156,0.048581021765924916,0.42631569793192375,0.009132069649934797,0.06167607198234733,0.9052167712316221,0.7674003123506626,0.0,0.0,0.005658666666666667,0.0,0.0,13.6,21.7,3.68
R1,101,16540,127,10189,-0.12396218638676973,-0.015154471988696041,0.043983927971279466,0.4206433444867746,0.007941945827431768,0.0622595664994577,0.7885859733823537,0.791855400893203,0.0,0.0,0.005624,0.0,0.0,13.5,18.3,4.09
R1,101,16670,128,9966,-0.11611904360517575,-0.016396032221136374,0.04328776979421595,0.42728124002136986,0.008102515635229813,0.06080250459558824,0.8734511898828858,0.7860942898028558,0.0,0.0,0.005589333333333333,0.0,0.0,14.3,21.2,3.66
R1,101,16800,129,10238,-0.014638139710444071,-0.014396000002244974,0.04739817871564188,0.4232223155520042,0.008636710059573201,0.06219458486519608,0.8709057417035307,0.7644682681169962,0.0,0.0,0.005554666666666667,0.0,0.0,13.8,21.7,3.66
R1,101,16930,130,10498,-0.03110279018173768,-0.016170677333079357,0.04283116529741037,0.42637442014776167,0.00797224506752462,0.062176101363510525,0.855563662583797,0.7940398345589115,0.0,0.0,0.00552,0.0,0.0,14.0,21.7,3.64
R1,101,17060,131,10224,-0.023869136741127384,-0.015901330194719843,0.04406500143013582,0.4290000530111439,0.007823154317569192,0.06687641759072581,0.8832345165695503,0.7922453552345645,0.0,0.0,0.005485333333333333,0.0,0.0,13.9,22.7,3.55
R1,101,17190,132,9803,-0.192520034529381,-0.021018105418073686,0.04576166989154795,0.4418976433405296,0.009178828369591573,0.06637369791666667,0.950536483501001,0.7742078151018222,0.0,0.0,0.005450666666666667,0.0,0.0,13.5,18.7,4.04
R1,101,17320,133,9721,-0.20191276482866166,-0.014383117913776623,0.04690662536523207,0.42110091471790484,0.007911444498521693,0.061186042535174574,0.8811265552871415,0.7709274970184976,0.0,0.0,0.005416000000000001,0.0,0.0,14.3,19.0,3.9
R1,101,17450,134,9708,-0.12384189816470467,-0.01604221426420408,0.04381134552142232,0.4252643715617051,0.008801480184373892,0.06506091710793753,0.8054325394078635,0.7900956983043388,0.0,0.0,0.0053813333333333335,0.0,0.0,13.2,21.3,3.77
R1,101,17580,135,10181,-0.11326388061868398,-0.01514181449346221,0.043964625406557316,0.420397520813626,0.008257329864159309,0.06488772764900663,0.8786807809077779,0.7806594903873636,0.0,0.0,0.005346666666666667,0.0,0.0,14.3,20.0,3.8
R1,101,17710,136,10030,-0.0889454937715218,-0.016908719998257504,0.045907863151035136,0.42680220862116675,0.008977978931996047,0.06741935275248345,0.8798534057302557,0.7859691227135169,0.0,0.0,0.005312000000000001,0.0,0.0,13.6,22.1,3.64
R1,101,17840,137,10060,-0.011419164884888018,-0.016932545992357165,0.04615042024430184,0.41475520275175876,0.008292957921511818,0.06678481504141567,0.842555389669253,0.7745376094747692,0.0,0.0,0.0052773333333333335,0.0,0.0,13.5,20.5,3.83
R1,101,17970,138,10047,0.007329321616423371,-0.015695441786486897,0.045626600434044866,0.41123090287766784,0.008405881480202392,0.062130651204937305,0.861592594615837,0.7820511457016892,0.0,0.0,0.005242666666666666,0.0,0.0,14.1,20.3,3.77
R1,101,18100,139,9571,-0.12410754907720643,-0.014661048881283013,0.0488782152339234,0.39227504246389505,0.007676956316752,0.06121294998610081,0.8672012348270611,0.7468030829689662,0.0,0.0,0.005208,0.0,0.0,13.0,21.2,3.8
R1,101,18230,140,9936,-0.120065859628573,-0.016008595873697927,0.04227522106311617,0.41612555842913534,0.008129154231285721,0.062411733774038455,0.8920685954484483,0.7996266948647888,0.0,0.0,0.005173333333333333,0.0,0.0,14.1,21.6,3.65
R1,101,18360,141,9968,-0.11800670563051073,-0.015247170101321877,0.05021188326887301,0.4109945228719118,0.009058912259066399,0.06562174479166667,0.8916249957845006,0.7418727451837509,0.0,0.0,0.005138666666666666,0.0,0.0,14.4,19.8,3.81
R1,101,18490,142,9846,-0.10685189776166641,-0.018727256328162793,0.04659224919537265,0.41762608465578294,0.00907193429042702,0.06540113546080509,0.9069090052204707,0.7607936348750699,0.0,0.0,0.005104,0.0,0.0,13.9,17.7,4.12
R1,101,18620,143,10907,-0.10835889798872354,-0.015440560237143512,0.04187299260429,0.42175455650329075,0.009741554839676614,0.0726350577346041,0.9266566535273213,0.7930611907470013,0.0,0.0,0.005069333333333334,0.0,0.0,14.0,22.2,3.59
R1,101,18750,144,9980,-0.12624450948627483,-0.01577140854492442,0.044707588156130414,0.419936061554397,0.009331405743425194,0.064013671875,0.9003510897846173,0.7689900286868938,0.0,0.0,0.0050346666666666665,0.0,0.0,13.6,19.8,3.9
R1,101,18880,145,9893,-0.10576254407056297,-0.012367256299286266,0.04498171687793758,0.3978166860210149,0.008324022415326511,0.06270152698863636,0.9085243763625733,0.7700211426675794,0.0,0.0,0.005,0.0,0.0,13.5,20.8,3.79
R1,101,19010,146,10261,-0.14942454217889892,-0.017833456410600874,0.04080682703281497,0.4218844664125858,0.00956648522895039,0.07290670174319729,0.9216533678233967,0.8016220641259771,0.0,0.0,0.004965333333333334,0.0,0.0,14.9,22.9,3.44
R1,101,19140,147,9147,-0.08498255789950807,-0.015630567451736077,0.042408280288932884,0.407049494932816,0.010314601659863434,0.06899602663735264,0.8522668596474533,0.8096054096728923,0.0,0.0,0.0049306666666666665,0.0,0.0,13.6,14.9,4.55
R1,101,19270,148,10270,-0.12684078147213082,-0.009452491032006776,0.04638361539391413,0.42016721387131717,0.008956889939780511,0.06800130208333333,1.0448065920719902,0.7822889768664983,0.0,0.0,0.004896,0.0,0.0,14.0,21.6,3.65
R1,101,19400,149,10281,-0.13385358283415066,-0.01745865524477422,0.0412997128725564,0.4171801526279296,0.007905054874585822,0.06205538617886179,0.9677043261398931,0.8180239504423722,0.0,0.0,0.004861333333333334,0.0,0.0,14.4,20.1,3.77
R1,101,19530,150,9988,-0.10511139986971448,-0.016932488692629234,0.04281992800749006,0.38786915299505287,0.010813788488209195,0.06971228966346155,0.8917313108684741,0.8023018166056445,0.0,0.0,0.0048266666666666675,0.0,0.0,13.8,19.1,3.95
R1,101,19660,151,9873,-0.16723156538564432,-0.013994054676094398,0.045550883011329764,0.4017631270077701,0.010502279683475006,0.07316490436422414,0.9218744221868299,0.7701760372507653,0.0,0.0,0.004792,0.0,0.0,13.7,20.2,3.84
R1,101,19790,152,10132,-0.09122394786026237,-0.015981278196020937,0.04469071999098297,0.40818397923106653,0.008831788079122795,0.06826365253712871,0.9487294774433217,0.7906342517605128,0.0,0.0,0.004757333333333334,0.0,0.0,14.2,20.4,3.76
R1,101,19920,153,9493,-0.0790824503639347,-0.015010013712678709,0.04404073610800236,0.40206143428949115,0.009645624675082488,0.07019699360512066,0.9335606234798692,0.799645551703783,0.0,0.0,0.004722666666666667,0.0,0.0,13.0,21.8,3.73
R1,101,20050,154,9838,-0.009574612292026033,-0.013838667513932887,0.045835668304727836,0.3937941657841334,0.011004415902460492,0.06758611505681818,0.9203701646152173,0.7957540008419379,0.0,0.0,0.0046879999999999995,0.0,0.0,13.5,18.6,4.05
R1,202,135,1,8340,-0.0638341972455869,-0.01377244737826692,0.08890054496016127,0.6259834848741364,0.0034329983476894766,0.03885523276033387,0.5552899017965247,-0.01926789282028163,0.0,0.0,0.01,0.0,0.0,16.5,19.1,3.8
R1,202,270,2,8200,-0.11795452567461182,-0.00963296714122197,0.07220725883790653,0.6281839204055926,0.003388851379483686,0.03748276654411765,0.9007415143814255,0.11211029446234921,0.0,0.0,0.009964,0.0,0.0,14.4,14.4,4.67
R1,202,405,3,8500,-0.18314168208861087,-0.014546834564044948,0.06263428767004357,0.6177288134881875,0.0034076583541224966,0.04055047089858671,0.5466128306411333,0.19686235056667145,0.0,0.0,0.009928000000000001,0.0,0.0,14.7,17.5,4.19
R1,202,540,4,8771,-0.24971382715129622,-0.01785191814006394,0.05199066355939763,0.6238585260859031,0.0031141877638777102,0.03621378783167496,0.5986913768425051,0.33083514177834006,0.0,0.0,0.009892,0.0,0.0,14.5,17.9,4.16
R1,202,675,5,8896,-0.29392510861331256,-0.011636441821167864,0.05259193854176192,0.6290521698596547,0.003065044782472515,0.03357385706018519,0.5553781024496612,0.3354962113697715,0.0,0.0,0.009856,0.0,0.0,15.9,16.8,4.13
R1,202,810,6,9593,-0.27330442602918537,-0.013982446613446428,0.05222152242525335,0.6165780243585299,0.003143572212026987,0.03578931826312299,0.5319958990036305,0.4014848537053147,0.0,0.0,0.00982,0.0,0.0,16.3,19.7,3.75
R1,202,945,7,8910,-0.36797273894054033,-0.016144523201206844,0.04775830754829599,0.6182469533216253,0.0034338027303024185,0.036877349228020495,0.5661654803919435,0.368196458514656,0.0,0.0,0.009784000000000001,0.0,0.0,16.6,18.1,3.89
R1,202,1080,8,8426,-0.4122910110921075,-0.014174712087109333,0.045997383272277016,0.641606830935677,0.0031347111855442255,0.03348912181058321,0.5496852520121813,0.4633759182963242,0.0,0.0,0.009748,0.0,0.0,14.5,23.1,3.6
R1,202,1215,9,8944,-0.357595045940253,-0.013824218016234525,0.04719074169666825,0.6097287119863122,0.0033786379380302913,0.03608036747685185,0.5355398304301799,0.5039549590768915,0.0,0.0,0.009712,0.0,0.0,16.1,17.5,4.02
R1,202,1350,10,8825,-0.44315173143978986,-0.012116655703385926,0.04601105308336738,0.6206182355481765,0.0032400246620507903,0.03522754175275482,0.5491247865636879,0.4908151401124131,0.0,0.0,0.009676,0.0,0.0,15.5,17.4,4.09
R1,202,1485,11,9572,-0.3601390268226412,-0.01324196902399054,0.044122143049105875,0.5965153032459777,0.003653162133152305,0.03749428269145476,0.5568787630093035,0.612901858767994,0.0,0.0,0.009640000000000001,0.0,0.0,15.7,19.2,3.86
R1,202,1620,12,8810,-0.4062740731840001,-0.016074099552378433,0.04288199735583531,0.6009227031724956,0.003221805757000665,0.03464442479035639,0.6506424117969964,0.6205516665134939,0.0,0.0,0.009604,0.0,0.0,15.2,17.8,4.09
R1,202,1755,13,9376,-0.4253921379095611,-0.011933220237608552,0.046103581668828296,0.5906680001259897,0.003907659429146186,0.04266036184210526,0.5737913727473564,0.5730072212772028,0.0,0.0,0.009568,0.0,0.0,15.5,19.1,3.91
R1,202,1890,14,9640,-0.38776280214815195,-0.013163775130255262,0.044995574506483706,0.5768354151761493,0.003904282161798544,0.04055692185948362,0.572796141079172,0.5931446467753181,0.0,0.0,0.009532,0.0,0.0,16.0,21.1,3.64
R1,202,2025,15,9973,-0.36601003412409977,-0.012078641795075205,0.04740766685491145,0.5818592414910123,0.003498492247907401,0.0389990234375,0.5494427174831807,0.5882160246688901,0.0,0.0,0.009496000000000001,0.0,0.0,16.6,19.5,3.74
R1,202,2160,16,9297,-0.3898630477575095,-0.0142557995504012,0.045504506585805314,0.5753270155456596,0.0032504688902631226,0.03569941926575698,0.631466728525665,0.5357653142090049,0.0,0.0,0.00946,0.0,0.0,15.6,17.9,4.02
R1,202,2295,17,9375,-0.3358838731248609,-0.015736158875415615,0.05613422435188696,0.5706582286459131,0.0036591178411424273,0.04046527820878848,0.569901751115119,0.501686792645909,0.0,0.0,0.009424,0.0,0.0,15.6,19.7,3.83
R1,202,2430,18,9119,-0.41363736369168697,-0.012739514515603467,0.04335206245245509,0.5875141741475834,0.0033686768357177556,0.03616235776439089,0.5699969224499686,0.5013514973558117,0.0,0.0,0.009388,0.0,0.0,14.4,18.2,4.14
R1,202,2565,19,9059,-0.3423932623617093,-0.013740671182905244,0.046650844082628824,0.5668791770404001,0.003996354148162236,0.04401981550762911,0.5911947630269918,0.6005761429407408,0.0,0.0,0.009352000000000001,0.0,0.0,15.5,19.3,3.88
R1,202,2700,20,8899,-0.3882262570336216,-0.01343694618974677,0.04661316136623374,0.5776706652929242,0.003933956144480597,0.04175541978276353,0.589651399416279,0.5788249202382452,0.0,0.0,0.009316,0.0,0.0,14.5,18.6,4.08
R1,202,2835,21,8776,-0.358074867215908,-0.012525242692658601,0.04765654009210277,0.563754434950287,0.004238338140739696,0.044195481288580245,0.6150513839620649,0.5714729032720207,0.0,0.0,0.00928,0.0,0.0,15.5,18.4,3.99
R1,202,2970,22,9155,-0.4159075246894076,-0.014644835933249646,0.04505762234053932,0.5617506271203501,0.0046208723556533755,0.04192349851410446,0.5908079722603142,0.5729543965697176,0.0,0.0,0.009244,0.0,0.0,15.8,22.0,3.57
R1,202,3105,23,8876,-0.3874621810878134,-0.018301942433447953,0.04129128184400284,0.5610196303717966,0.0039538110326650736,0.041893774224806196,0.6276985411002415,0.6660156218118976,0.0,0.0,0.009208000000000001,0.0,0.0,15.0,15.7,4.39
R1,202,3240,24,8431,-0.44534685619139003,-0.014708494628197247,0.04454247268704708,0.5686059917927214,0.00418359276596378,0.044395978187300025,0.5843535641510242,0.5926784681062002,0.0,0.0,0.009172,0.0,0.0,14.7,16.2,4.37
R1,202,3375,25,9172,-0.40054978439047223,-0.014321212228316896,0.04345177632941435,0.5584812567833435,0.00416297099022765,0.044428261143755934,0.58587466113355,0.6667442681754873,0.0,0.0,0.009136,0.0,0.0,15.0,17.3,4.18
R1,202,3510,26,9274,-0.3582643329753241,-0.012271273376180471,0.048898836919733776,0.5464722553177573,0.003913582936993476,0.040924349194646104,0.675750120935029,0.646753733683292,0.0,0.0,0.0091,0.0,0.0,15.5,18.0,4.03
R1,202,3645,27,9259,-0.35334352404921027,-0.017130635677753747,0.048384029289725246,0.5670520694195392,0.004357988789339726,0.045545225481946144,0.6951326105582912,0.6445373695396885,0.0,0.0,0.009064000000000001,0.0,0.0,14.6,20.6,3.83
R1,202,3780,28,9656,-0.38866107092890406,-0.014287664203715198,0.04440962204750651,0.5663429049189114,0.004443994013636849,0.044469572368421056,0.6209657226963687,0.643372896765025,0.0,0.0,0.009028,0.0,0.0,16.6,21.4,3.56
R1,202,3915,29,9019,-0.38215833851620623,-0.013929414289127097,0.043234970113121975,0.5419597871987324,0.003990360355993964,0.04102303102954145,0.6415774157962191,0.6568828596624667,0.0,0.0,0.008992,0.0,0.0,15.1,17.9,4.1
R1,202,4050,30,9848,-0.2804589735465987,-0.013224976335049632,0.043808020847855594,0.5417408850817089,0.004897322826301282,0.04770182291666667,0.6607262648453096,0.7156537658567654,0.0,0.0,0.008956,0.0,0.0,15.6,18.7,3.94
R1,202,4185,31,9354,-0.3660023075302938,-0.013500518652626409,0.045707174837407945,0.5596475793527287,0.004450911400507043,0.043127413472540045,0.6370168822444972,0.6768431495435107,0.0,0.0,0.00892,0.0,0.0,15.9,17.6,4.02
R1,202,4320,32,9900,-0.2975030878727923,-0.010889994267724959,0.05048652111199627,0.5114868839107759,0.0049788225542291955,0.0432849972747093,0.6008345215165778,0.6476362671870577,0.0,0.0,0.008884,0.0,0.0,15.2,20.7,3.76
R1,202,4455,33,9667,-0.33849302935748254,-0.014372403420786401,0.04508316971577686,0.5470734590221381,0.0042794678998411585,0.04558406620156961,0.6194490664540897,0.6381118349317842,0.0,0.0,0.008848,0.0,0.0,16.2,23.4,3.4
R1,202,4590,34,9861,-0.304646867499036,-0.013581668166459674,0.050611726036845425,0.5317604724947514,0.004701711444188437,0.044469939497180457,0.6425154364212385,0.6225811177489444,0.0,0.0,0.008812,0.0,0.0,16.7,19.3,3.75
R1,202,4725,35,9915,-0.31225224973261057,-0.010573129569710503,0.04759527301555053,0.5144020361778423,0.004203543826292901,0.04204323508522727,0.6432445706405832,0.6542419071135531,0.0,0.0,0.008776,0.0,0.0,16.1,20.3,3.7
R1,202,4860,36,9672,-0.3022182424259261,-0.014963486781699582,0.0427730582869509,0.5620137912745459,0.004767369711033154,0.04895166060710988,0.6428830606480416,0.725355054732838,0.0,0.0,0.00874,0.0,0.0,16.2,22.7,3.47
R1,202,4995,37,9569,-0.20277376509311715,-0.014715668923138261,0.0517918223494052,0.5245193448006317,0.004524961630194623,0.04382904812602505,0.640310041927168,0.6815716743929572,0.0,0.0,0.008704,0.0,0.0,15.6,22.2,3.58
R1,202,5130,38,9284,-0.2841840365650117,-0.011904880653204018,0.04712246625783697,0.5212627912654789,0.004652906598122167,0.04497024961300309,0.6667629385398529,0.7139710574097486,0.0,0.0,0.008668,0.0,0.0,16.2,20.6,3.67
R1,202,5265,39,9778,-0.26791630599668526,-0.012612681906005927,0.04775342654919966,0.5246760622051095,0.0046127397744136584,0.0424912109375,0.6759551264430855,0.6953538101855643,0.0,0.0,0.008632,0.0,0.0,16.3,20.0,3.72
R1,202,5400,40,10085,-0.18872092712688185,-0.014962036052387726,0.05091150253211603,0.5223062090224673,0.004734308684880911,0.04606735272233894,0.6137323601916351,0.7047212463036736,0.0,0.0,0.008596,0.0,0.0,16.1,21.7,3.57
R1,202,5535,41,9640,-0.22572047210875246,-0.014048830489061354,0.048086185124459634,0.5062853092678088,0.005388239346358133,0.045174016261171804,0.6536483827854803,0.6887110534230153,0.0,0.0,0.00856,0.0,0.0,15.4,19.5,3.87
R1,202,5670,42,10572,-0.17120706779062228,-0.013748179696109485,0.04969571431889259,0.5048039513451328,0.004579201672920433,0.04581607680722891,0.6639840321717172,0.7203749522416603,0.0,0.0,0.008524,0.0,0.0,16.7,22.3,3.46
R1,202,5805,43,9539,-0.231933380941964,-0.014110019452349609,0.04808695030378241,0.5125877918048259,0.005260364179339881,0.04725563182336647,0.6671886673484448,0.7125617991791929,0.0,0.0,0.008488,0.0,0.0,16.2,17.4,4.01
R1,202,5940,44,10112,-0.24152682587828544,-0.014875928375446015,0.050705326547522314,0.5153440587421697,0.0056531777716676244,0.05011393229166668,0.6359048306101556,0.6778484062787205,0.0,0.0,0.008452,0.0,0.0,16.7,23.2,3.38
R1,202,6075,45,8944,-0.24187383329203826,-0.015149485922556485,0.04815074501383459,0.5216703878836023,0.004192223908638439,0.043281611689814814,0.6674100756787866,0.7172739286230558,0.0,0.0,0.008416,0.0,0.0,15.4,16.7,4.22
R1,202,6210,46,9551,-0.2710835007327035,-0.014458569048101189,0.04945146253612187,0.5066115245867877,0.005269352753443059,0.049582218430871954,0.6828961121911942,0.658204014871943,0.0,0.0,0.00838,0.0,0.0,16.2,20.6,3.66
R1,202,6345,47,9077,-0.2598703207474061,-0.015400011085780973,0.05108791896230799,0.5127258930867511,0.005106750880724832,0.04672569386263777,0.6815776205375512,0.7049015840525735,0.0,0.0,0.008344,0.0,0.0,15.4,21.2,3.68
R1,202,6480,48,9856,-0.2625763367309777,-0.016093755060101616,0.04789592006129391,0.5266435220405156,0.004936706030343479,0.048486328125,0.7050299449996059,0.7068915030660756,0.0,0.0,0.008308,0.0,0.0,16.1,21.2,3.62
R1,202,6615,49,9729,-0.24940922556965817,-0.013473192101379611,0.051087337072426686,0.4926247255221291,0.005215224492797195,0.0513916015625,0.7663458573159779,0.6822065194373741,0.0,0.0,0.008272,0.0,0.0,16.2,18.8,3.86
R1,202,6750,50,8981,-0.28070077253432674,-0.015046841370879293,0.04365005955708737,0.5012433060921843,0.004658058784720164,0.043522644655034096,0.6492154189812643,0.7506949751851089,0.0,0.0,0.008236,0.0,0.0,15.7,16.5,4.19
R1,202,6885,51,10421,-0.1295902414188511,-0.01723947459281517,0.04589709995893722,0.49466364144837627,0.006070133132227103,0.0531863017133649,0.6964577058519162,0.7718307510314004,0.0,0.0,0.0082,0.0,0.0,16.5,19.0,3.8
R1,202,7020,52,9749,-0.21179371984319206,-0.012858870289310676,0.04632313406764445,0.5025668457871182,0.005423202290869134,0.05000348772321428,0.8207302195313068,0.7413900821402774,0.0,0.0,0.008164,0.0,0.0,15.5,20.2,3.78
R1,202,7155,53,10223,-0.1540749930931655,-0.015525383824080297,0.048915758453920835,0.49845840760967713,0.00536063066808123,0.049424567945075756,0.6840634296836108,0.7555950075651523,0.0,0.0,0.008128,0.0,0.0,15.8,22.4,3.53
R1,202,7290,54,9967,-0.1351037680722049,-0.015408446330130115,0.05063893083094344,0.5038615484965734,0.005392067952315923,0.048586640298117156,0.6934254327113456,0.7144261542676713,0.0,0.0,0.008092,0.0,0.0,16.1,21.8,3.56
R1,202,7425,55,9597,-0.23320067071199418,-0.015330045889574954,0.05068708520386905,0.5223920669251206,0.006075198044174105,0.053770564606644575,0.6907065473342269,0.7083312129943976,0.0,0.0,0.008056,0.0,0.0,14.8,20.1,3.86
R1,202,7560,56,10570,-0.15651387916106901,-0.015529114377487722,0.05401781313620799,0.5144235974256476,0.005517053127838962,0.05173174264971139,0.7173300800799657,0.6654851118953433,0.0,0.0,0.00802,0.0,0.0,16.5,21.9,3.52
R1,202,7695,57,10091,-0.16583895917331942,-0.014743242521595128,0.04620066505899708,0.5064224658614631,0.005207009422917566,0.04971617811639119,0.6901906417573407,0.7247905744729812,0.0,0.0,0.007984,0.0,0.0,16.5,22.5,3.46
R1,202,7830,58,10091,-0.11505961892176235,-0.013315119539917292,0.0491837808645342,0.49805917226531193,0.004919566536952234,0.047921374612603304,0.691727203479158,0.7171029672058995,0.0,0.0,0.007948,0.0,0.0,16.1,22.9,3.46
R1,202,7965,59,9628,-0.21508697530741827,-0.014795522156808799,0.04538126456577646,0.5052753461305584,0.004554070473654983,0.04436647690981094,0.7137432950651773,0.755142390459139,0.0,0.0,0.007912,0.0,0.0,16.5,20.7,3.63
R1,202,8100,60,9618,-0.21636073608240677,-0.014859460062766987,0.047239172964307845,0.5036585730530847,0.005065790178272282,0.04888642723880597,0.6763389865380229,0.7483208225374857,0.0,0.0,0.007876000000000001,0.0,0.0,15.8,21.1,3.67
R1,202,8235,61,10485,-0.14765622050520158,-0.015331148430141333,0.04613778774192746,0.48967294231308983,0.005214991712600743,0.05351486576773567,0.6927138460964215,0.7637112635355314,0.0,0.0,0.00784,0.0,0.0,16.1,22.5,3.5
R1,202,8370,62,9689,-0.20287405828754232,-0.015038174399190246,0.048538134161170116,0.511325292257178,0.004807171720408486,0.04784515132969845,0.7714661711513562,0.7168478629814092,0.0,0.0,0.007804,0.0,0.0,15.9,18.6,3.91
R1,202,8505,63,10291,-0.14141453363106826,-0.011839442198406316,0.04558066110978708,0.48936986266030413,0.005340825354119586,0.051166039332399625,0.7444121301235864,0.766435981935967,0.0,0.0,0.007768000000000001,0.0,0.0,15.9,22.8,3.49
R1,202,8640,64,10575,-0.1300182651181635,-0.014780739041082283,0.04680328318937622,0.493134238831003,0.0056931963659019435,0.051621496313077476,0.7477698314892626,0.7434938957453278,0.0,0.0,0.007732,0.0,0.0,16.3,21.8,3.54
R1,202,8775,65,10095,-0.11782584419267779,-0.013540909339987417,0.04964420378662028,0.48266298285292636,0.005375163841067503,0.05064960032782697,0.7453508068999665,0.7306568413733667,0.0,0.0,0.007696,0.0,0.0,15.7,20.8,3.7
R1,202,8910,66,10190,-0.19755009085116162,-0.01562896370533608,0.05192427471864651,0.5156894332901836,0.005692056279643275,0.05460865631764069,0.7304097486279945,0.6802823115156531,0.0,0.0,0.00766,0.0,0.0,17.2,21.4,3.5
R1,202,9045,67,10188,-0.11867832581263203,-0.014220484993640226,0.05039960608888239,0.47855294324578723,0.006287557561945758,0.051222613790760874,0.6736607987128479,0.7105010405793724,0.0,0.0,0.007624000000000001,0.0,0.0,15.8,21.5,3.62
R1,202,9180,68,10334,-0.1925408073737514,-0.017541457701993328,0.04476385954233027,0.5005763461498486,0.00622419959451233,0.058504701747720364,0.7338714594382496,0.7417300747453275,0.0,0.0,0.007588,0.0,0.0,17.0,21.8,3.48
R1,202,9315,69,10883,-0.17995396951928933,-0.011901724624042627,0.04215388808098721,0.5020551013829204,0.005695321200429198,0.052800450533483693,0.7654041141178296,0.7619039950388089,0.0,0.0,0.007552,0.0,0.0,16.9,29.6,2.9
R1,202,9450,70,10634,-0.11793889387166423,-0.015049437457093409,0.044840133493789285,0.48894357328450344,0.005750408413404648,0.05324944857384579,0.7252193533862619,0.7666810680081886,0.0,0.0,0.007516,0.0,0.0,17.9,22.6,3.33
R1,202,9585,71,10415,-0.07085639765852372,-0.015824301459879987,0.047804947270742186,0.48542632547019354,0.006455269614792399,0.0593788531037415,0.7692741460537804,0.7442314430434471,0.0,0.0,0.0074800000000000005,0.0,0.0,16.5,19.8,3.72
R1,202,9720,72,9776,-0.19070654479220786,-0.009407308604517984,0.043323556970962476,0.47563188311665333,0.005628702675024894,0.05413411458333332,0.7741610288061708,0.7663589721134443,0.0,0.0,0.007444,0.0,0.0,16.3,20.8,3.64
R1,202,9855,73,10624,-0.10346029842918764,-0.016889094693648226,0.048389104739955995,0.4850982995953611,0.006844378027053437,0.059841579861111105,0.7222270861347132,0.734574570929981,0.0,0.0,0.007408,0.0,0.0,17.5,21.3,3.48
R1,202,9990,74,9854,-0.15514368872735357,-0.017534801640331908,0.045615760950787225,0.4824756700597389,0.006199312776348198,0.05302191840277778,0.7553982328739923,0.7711400604597164,0.0,0.0,0.007372,0.0,0.0,15.1,21.4,3.7
R1,202,10125,75,10233,-0.17156935423400618,-0.01604803925338629,0.04932495781809233,0.4791377818513126,0.005832334604401643,0.05418355507425743,0.7786777828898611,0.722242288809365,0.0,0.0,0.0073360000000000005,0.0,0.0,16.7,22.0,3.48
R2,101,133,1,8485,-0.2064581768547525,-0.011493693617058315,0.07443458500923611,0.6329773903354368,0.004001204380553576,0.04582991539725959,0.6635778096753142,-0.04683783125824048,0.5631006969525225,0.00370383137337811,0.01,0.5,0.05,19.6,37.8,2.32
R2,101,266,2,8579,-0.2581796762282345,-0.010849337152446384,0.061620711849624754,0.6119753408817483,0.003483328883125052,0.03837123209264326,0.6744860207841018,0.060049013071166724,0.538773349973008,0.009813359270754891,0.00997872,0.5,0.05,18.6,38.0,2.35
R2,101,399,3,8783,-0.2926853957530478,-0.01586060039206643,0.054474497414549676,0.6094601144335942,0.0034218246802149776,0.03627531370868495,0.7112109262956947,0.20210937778333637,0.5343264396162292,0.014320274944854324,0.00995744,0.5,0.05,17.8,37.9,2.39
R2,101,532,4,8716,-0.32534893993313135,-0.024968043889695726,0.05414844587389519,0.6162404316395853,0.0031675697560317193,0.03033673321759259,0.8572464129107087,0.2542240421673323,0.5234817909843481,0.022807665802011004,0.00993616,0.5,0.05,19.0,42.9,2.15
R2,101,665,5,8889,-0.30427882984756155,-0.011147615105366455,0.052503088555009465,0.5760130954891345,0.0029230938234235133,0.031511882976726725,0.7328493304757503,0.3765151527426335,0.5174776191907156,0.024926132225618278,0.009914880000000001,0.5,0.05,18.0,38.2,2.37
R2,101,798,6,8557,-0.3756425322606411,-0.011709100135208731,0.05129067386588493,0.5658363104389228,0.002597370873927949,0.029220229401692183,0.7131349273035031,0.31478217692048094,0.5274874217074685,0.028699323519297246,0.0098936,0.5,0.05,17.4,38.6,2.37
R2,101,931,7,8599,-0.3413890188365764,-0.01242182864565399,0.05513432320289712,0.5581344700559456,0.003258591525751844,0.03413600400617863,0.7064921297128676,0.36379361807027744,0.5075439673665816,0.034146831642607275,0.00987232,0.5,0.05,17.8,39.1,2.34
R2,101,1064,8,8908,-0.39944942407214107,-0.012644779825555945,0.04691797870003871,0.5779950017688065,0.003041353654565663,0.028461265148420473,0.747348845273209,0.35376743495333085,0.5005905568421354,0.03730910014671297,0.00985104,0.5,0.05,17.9,41.8,2.23
R2,101,1197,9,9045,-0.396812644010202,-0.012365615412407271,0.04782157576934514,0.5614371942034688,0.0030060342534639567,0.031129958226417398,0.735706194988326,0.35041044997585924,0.5017398863353878,0.04075822350639692,0.00982976,0.5,0.05,19.2,39.7,2.26
R2,101,1330,10,8689,-0.4168023299111304,-0.011779162439632443,0.04649464137158575,0.5478540451156153,0.003391715959570815,0.03188859720824949,0.7447758499928838,0.42250140180386153,0.49227919813422766,0.04195470268452442,0.00980848,0.5,0.05,17.3,42.3,2.23
R2,101,1463,11,9604,-0.3963150279099989,-0.012182199627426176,0.04670388005660619,0.5601024230289177,0.003104553924333608,0.03391898823250135,0.7593926077414231,0.40483057584715787,0.48479431629624264,0.04788256975576533,0.0097872,0.5,0.05,18.8,44.3,2.11
R2,101,1596,12,8431,-0.44453486018753935,-0.011249495228612301,0.04535013752882409,0.5462136687345781,0.0029021416228714003,0.029526173701698254,0.7402519087606207,0.4087316156946378,0.48943502650886483,0.04437305817862944,0.00976592,0.5,0.05,18.5,36.0,2.44
R2,101,1729,13,8855,-0.393810806024969,-0.012657477378216545,0.04492347434897254,0.5456978154501351,0.0030479706087847514,0.03168366848325975,0.7964434066507337,0.5279863426644836,0.48608287113721144,0.046410571378738164,0.00974464,0.5,0.05,16.9,37.8,2.43
R2,101,1862,14,9032,-0.42048395595211435,-0.012268304114673714,0.05038472012719967,0.5492140291465849,0.0028040240126247073,0.028430142699864498,0.7822129336420007,0.44281614601188524,0.4782622335662118,0.04961078202531377,0.00972336,0.5,0.05,17.1,37.6,2.43
R2,101,1995,15,8277,-0.4266466009049296,-0.014955449477668222,0.04452816048688037,0.5526130225649152,0.002790488982649943,0.030222075043252597,0.7673818089355801,0.5561752894478025,0.4818546053729694,0.051147195333168194,0.00970208,0.5,0.05,17.0,36.1,2.51
R2,101,2128,16,9296,-0.41966245714280653,-0.01494739626887261,0.04345760639546313,0.5420721297464021,0.0036105559714418676,0.03741262335526316,0.8106707938670409,0.5306290628809034,0.46472382461534995,0.053067203546452606,0.0096808,0.5,0.05,18.1,39.8,2.3
R2,101,2261,17,9102,-0.3793612996256959,-0.01073947182926122,0.044619445549429974,0.5225514965403012,0.003609975372239209,0.0349134725275684,0.7348031751470013,0.555821316456256,0.4723088789896137,0.05355469677281026,0.00965952,0.5,0.05,17.6,37.0,2.44
R2,101,2394,18,8518,-0.451816675993654,-0.012348319570951246,0.039471785170235585,0.5490101008417636,0.003571458940022825,0.03233211301199928,0.7422301759501896,0.563612123409529,0.4705014744580607,0.05528447131658794,0.00963824,0.5,0.05,17.8,37.3,2.41
R2,101,2534,19,8530,-0.4141781812141496,-0.01077236028445712,0.04749473364420862,0.5135605326201848,0.0036181182772499518,0.032515146406195614,0.7816929218730706,0.5339132820290375,0.47025594452704783,0.05411521665861153,0.00961696,0.5,0.05,18.9,35.6,2.57
R2,101,2667,20,8517,-0.44313632581362206,-0.012693640943930481,0.044759557737107325,0.5210391600289185,0.0035755565893954037,0.0352810378959276,0.7731712577142291,0.5579605235868024,0.4627943106182288,0.057646378033725354,0.00959456,0.5,0.05,17.0,34.2,2.6
R2,101,2800,21,8340,-0.44791968096561924,-0.013494627967447406,0.042802088759517916,0.5239433306602067,0.0035269822675421934,0.03559873062400636,0.7953922319109322,0.5745105736014187,0.4676379802562918,0.06023875734013139,0.00957328,0.5,0.05,16.8,30.1,2.84
R2,101,2933,22,9118,-0.4134049590619574,-0.011429693342651466,0.048931487001203276,0.5104456113924607,0.004113281073997102,0.03630893971417069,0.782335104344458,0.51385803239916,0.4598777268819511,0.06573623046183698,0.009552,0.5,0.05,18.0,41.5,2.23
R2,101,3066,23,9058,-0.45363345392431803,-0.011634990787061051,0.040694086995925464,0.5212702279925969,0.003894926520716843,0.03546659825211865,0.7881349445976835,0.5997118336051444,0.46408568528006416,0.06312270780301515,0.00953072,0.5,0.05,18.1,39.1,2.32
R2,101,3199,24,9202,-0.426926826818467,-0.01193026696468924,0.04903205023262098,0.5243619648453804,0.003651334975550526,0.03328210846859661,0.8268365416800756,0.5175872140511574,0.45772129552064084,0.06515270984483906,0.009509440000000001,0.5,0.05,18.4,41.1,2.24
R2,101,3332,25,8673,-0.43477548268364075,-0.012567728252609125,0.049202370822715745,0.5011985836267331,0.003548031060697574,0.032768466907943015,0.7645010542714886,0.5296304800801419,0.45882221663835787,0.06749235429016294,0.00948816,0.5,0.05,18.2,33.1,2.59
R2,101,3465,26,8973,-0.40630541575279167,-0.013365944657460896,0.046664441704734466,0.5087378124930313,0.0041003020039782866,0.0370596594576105,0.7901035951069486,0.6232209679524294,0.4478483492965175,0.07128692678227597,0.00946688,0.5,0.05,17.5,39.9,2.31
R2,101,3598,27,8345,-0.3705892010701419,-0.012781642622026025,0.04620391034291621,0.5109404334377552,0.004734795187975834,0.03761774317570166,0.8195933164846775,0.6437690443179112,0.4421955337656052,0.07208760148785508,0.0094456,0.5,0.05,17.9,37.0,2.42
R2,101,3731,28,9033,-0.33647767755904384,-0.012762602891375747,0.04973560528577354,0.5033350918353054,0.004356815197075544,0.038008597443853424,0.8133356693698678,0.6119851772627305,0.4485776794258592,0.07574851594641983,0.00942432,0.5,0.05,19.1,41.8,2.18
R2,101,3864,29,9361,-0.3009866453886624,-0.012202008195020117,0.0494911831849565,0.5086355605921332,0.0041998264978620106,0.03697432225499093,0.8575092034610236,0.614641882048939,0.44141045002254337,0.075940484300653,0.00940304,0.5,0.05,17.8,45.0,2.12
R2,101,3997,30,8945,-0.3083808097350159,-0.013684068798585197,0.04412695449297038,0.50285033007199,0.004293037728144853,0.037166329889926235,0.8576048241273251,0.6623714245510277,0.4440059950877369,0.07953950053897531,0.00938176,0.5,0.05,17.2,42.5,2.23
R2,101,4130,31,9276,-0.3763472506041563,-0.014980406914285515,0.04793061121511914,0.5207180976856236,0.004081250369845887,0.03731496710526316,0.9339259918180899,0.5998521101670626,0.4426512811689176,0.08063920369467081,0.009360480000000001,0.5,0.05,19.3,39.0,2.28
R2,101,4263,32,8451,-0.31506271213364645,-0.012387407811850827,0.04617366439578772,0.48499564624993985,0.004166402510461207,0.03805865673972292,0.7895453061046337,0.6885604761864323,0.4434150241244747,0.08010437075109096,0.0093392,0.5,0.05,16.7,34.8,2.58
R2,101,4396,33,8885,-0.3706445161392399,-0.01128073922346768,0.049434347266968555,0.4992279312311266,0.004769757913802527,0.037245907909376916,0.8278605630063688,0.5795401486223062,0.43099602008700316,0.08453664076341337,0.00931792,0.5,0.05,18.7,44.3,2.11
R2,101,4529,34,9703,-0.35090082939490636,-0.012892728435582422,0.04276100921196602,0.4999113028654523,0.00441691414525507,0.039060653048335676,0.8513183291245217,0.6516871544581448,0.4334386576196178,0.08279846183125032,0.00929664,0.5,0.05,18.4,37.7,2.37
R2,101,4662,35,8864,-0.35925161735611055,-0.011846518320675514,0.04798608325607151,0.5030097591339283,0.004387312593454578,0.04028862847222223,0.8328396304497958,0.6241589938250024,0.4288489575752299,0.08531643977694209,0.00927536,0.5,0.05,17.1,38.6,2.38
R2,101,4795,36,8619,-0.39323157086886784,-0.012806476931325065,0.044365983516670676,0.49915317442978724,0.004198902811102544,0.0370959218728475,0.8222951871558293,0.6559284672355021,0.41624595744016907,0.081646457881859,0.00925408,0.5,0.05,17.7,39.2,2.34
R2,101,4928,37,8910,-0.33861022559639453,-0.012683116533867262,0.05055802025182507,0.48552970435172615,0.005206666524029077,0.041475726048408844,0.9116709125426312,0.6304484794740339,0.4305517448403985,0.08909094310749782,0.0092328,0.5,0.05,17.6,35.9,2.49
R2,101,5061,38,9789,-0.253418405541931,-0.01761025596498594,0.04968219482763696,0.5043418188974603,0.005441568290065063,0.04280065317622951,0.9137074965895273,0.6607096482707769,0.41880673400637375,0.09059444719017547,0.00921152,0.5,0.05,19.1,43.5,2.12
R2,101,5194,39,9453,-0.25966848359131933,-0.012338509537373954,0.04722560941290698,0.4897508178951817,0.004904041056302849,0.038045166069842325,0.9127909082484296,0.686146247805571,0.43039463918429416,0.08724944638276033,0.00919024,0.5,0.05,18.5,40.0,2.27
R2,101,5327,40,9245,-0.24716137976559338,-0.009710755676075595,0.04993598505708279,0.4868593154056273,0.005522480173048269,0.04350665693058077,0.9785262795236626,0.6717889673392552,0.41943910091930076,0.09120128907072393,0.00916896,0.5,0.05,19.4,33.5,2.51
R2,101,5460,41,9721,-0.24357628248844065,-0.013805137056034542,0.04792927962574082,0.4770423096579082,0.004897121804446437,0.04338878892001043,0.8623206986787249,0.678691864560153,0.40724785976677996,0.09407912495523076,0.00914768,0.5,0.05,17.4,50.4,1.96
R2,101,5593,42,9830,-0.2531321721368409,-0.01099152978353957,0.05034234948931156,0.45875366941437007,0.005355139409085743,0.04202473958333334,0.9288815125165787,0.6625080463245928,0.41121043219588216,0.09744986434317424,0.0091264,0.5,0.05,22.5,48.6,1.87
R2,101,5726,43,9686,-0.23691561044357212,-0.01401511967833946,0.0510449232799836,0.49023858689487376,0.005859204901343278,0.04671960298852183,0.919316552464905,0.6582840649679438,0.420489329965153,0.10424496769315382,0.00910512,0.5,0.05,21.4,53.1,1.78
R2,101,5859,44,9295,-0.2446853542539901,-0.01218027966539465,0.04217406478202567,0.4743515947068331,0.006090705406101215,0.04199966949117255,0.9442829632836919,0.7473952829126027,0.4104500760642349,0.09624005130571765,0.009083840000000001,0.5,0.05,20.4,49.0,1.92
R2,101,5992,45,9147,-0.2777281400042391,-0.014311590813137404,0.048992689593810645,0.4742019522031486,0.005446898497611729,0.040622991519312764,0.9132826043374271,0.6682550997481136,0.41660473140952536,0.10215469405763672,0.00906256,0.5,0.05,20.1,48.9,1.93
R2,101,6125,46,9178,-0.2876132586816761,-0.01383399025245127,0.054044359249524186,0.47772512257767247,0.005553395044974516,0.042850857433778713,0.8999855849635967,0.6213317205807587,0.40662594575024547,0.10645004718193417,0.00904128,0.5,0.05,20.9,49.8,1.88
R2,101,6258,47,8901,-0.37138141596773816,-0.014900232138859444,0.0478117737838463,0.47120546530736124,0.006152629585209346,0.0436349385751551,0.9344923227666145,0.6255901763213798,0.4063574919627152,0.10377798864355764,0.00902,0.5,0.05,20.7,43.4,2.07
R2,101,6391,48,10234,-0.23472658276356073,-0.013917357998599778,0.05041390247248985,0.4660162144730885,0.004962153131637362,0.042601574079792495,0.905296006778657,0.6244618343631212,0.40996411435636093,0.10475461541053188,0.00899872,0.5,0.05,21.0,49.5,1.89
R2,101,6524,49,8719,-0.217563907962279,-0.0046143612219245985,0.042935885084881456,0.44551824598233775,0.005294809564924594,0.04352213541666667,0.9823296502905868,0.746941967680846,0.39963289907131233,0.09944469179664522,0.00897744,0.5,0.05,19.9,48.8,1.94
R2,101,6657,50,10143,-0.21632147158802206,-0.014249177268600272,0.054321574509012996,0.46231080293304283,0.0053062338626331,0.04622399755271084,0.9311543432669825,0.6370468695298238,0.41075992451674387,0.11270323204009744,0.00895616,0.5,0.05,21.2,50.2,1.86
R2,101,6790,51,8967,-0.21561074388040982,-0.013395624178991207,0.04994622013604347,0.4611805309328489,0.004796212494924987,0.042296873349704264,0.8950626332279464,0.6764156254876075,0.4028286529019858,0.11232331434197605,0.00893488,0.5,0.05,20.1,48.1,1.95
R2,101,6923,52,9100,-0.326821723578852,-0.014509288566933794,0.045630622413712074,0.48084371147031163,0.005648474682831191,0.04918926679994388,0.9244225369459352,0.6969255293531227,0.3969667523337049,0.11181587537589083,0.0089136,0.5,0.05,22.1,47.6,1.91
R2,101,7056,53,9424,-0.2647949627717079,-0.010850677150659307,0.045460987568570976,0.45001774032076153,0.006793193669454612,0.04149402201417004,0.9650556998939931,0.6855526487561503,0.3994210088597261,0.11056527697269418,0.00889232,0.5,0.05,22.2,38.1,2.21
R2,101,7189,54,8969,-0.36751450371477434,-0.013916535480275482,0.04310854368151112,0.4626101775773043,0.004969746060152627,0.044887685075995803,0.9140225276516046,0.6955574747200943,0.3949947568708827,0.11780878138522402,0.00887104,0.5,0.05,22.3,46.4,1.93
R2,101,7322,55,9303,-0.30576612527856223,-0.014138469271233852,0.045062505214190945,0.4449388945555265,0.004834729392133109,0.04241636891258318,0.954285036867999,0.7131493235462681,0.38920202032560824,0.11317637918209207,0.00884976,0.5,0.05,23.0,44.7,1.96
R2,101,7455,56,8778,-0.307752086915297,-0.016580892303871487,0.050242046357218656,0.45643132022789956,0.005982966208620403,0.04146651534346847,0.985303461573865,0.6843690738283517,0.3810243079953168,0.11961343541328451,0.00882848,0.5,0.05,23.0,39.4,2.13
R2,101,7588,57,9014,-0.23397045160539195,-0.014055351712789772,0.05203469649828321,0.4669383693227004,0.006387011541744608,0.045607218862007165,0.9752260845147984,0.6834979601420613,0.3834290714406023,0.12059522759648234,0.0088072,0.5,0.05,22.0,46.6,1.94
R2,101,7721,58,9471,-0.2932993219954624,-0.012818949470977656,0.044542420693701235,0.4623571232980211,0.0064529009804166855,0.04701397623194014,0.9799619663969628,0.6993822925455553,0.3852625375573631,0.11886073430753819,0.008785920000000001,0.5,0.05,22.5,46.0,1.94
R2,101,7854,59,9575,-0.24260194176021052,-0.013162106827475338,0.04885507302286864,0.445286758548182,0.006498782476593285,0.04500140592929922,0.9454013163290669,0.7058275491633874,0.3833023825302574,0.11746916556288695,0.00876464,0.5,0.05,24.1,50.2,1.79
R2,101,7987,60,9308,-0.2618338408813205,-0.012241027641643247,0.041091313989775856,0.45305737910737803,0.0060925769116105385,0.04643476473112128,0.9912310607089327,0.7600637931320934,0.38823518631031106,0.12236525074850135,0.00874336,0.5,0.05,21.6,52.2,1.8
R2,101,8120,61,9648,-0.19205637264596226,-0.013922271580650894,0.05322201575021018,0.4446742392765214,0.0056483331305011274,0.04312008863304093,0.9512853965487423,0.7009940031879794,0.3763523466810727,0.12337159563555156,0.00872208,0.5,0.05,24.2,47.7,1.85
R2,101,8253,62,9780,-0.2088544232795038,-0.01887697433728196,0.05320271706287706,0.45361339026886627,0.005992135620187218,0.04685809795673077,1.0522528868043834,0.6708518620429735,0.3781966487919731,0.1319193595215956,0.0087008,0.5,0.05,25.2,51.0,1.74
R2,101,8386,63,9787,-0.14299412475558568,-0.0071075734453938475,0.05370424381743903,0.45358233281071786,0.006592440336914154,0.04914178363347458,1.0555606056994864,0.6522186496122888,0.38026369867346543,0.1288773809248256,0.00867952,0.5,0.05,24.2,50.0,1.79
R2,101,8519,64,8974,-0.21819608285008493,-0.01214240936529612,0.046303408710029234,0.44200035349006567,0.007116558596437135,0.045045854230967075,0.998487553265179,0.7253380509809224,0.3758881732157724,0.12675414103762128,0.008658240000000001,0.5,0.05,20.5,47.9,1.95
R2,101,8652,65,9838,-0.16248608940978793,-0.010538334593063317,0.0515890224788468,0.43976069078636737,0.005819492317742701,0.04679554332386364,1.024051216165313,0.7028170997787084,0.37625794459625456,0.12999297530196458,0.00863696,0.5,0.05,21.9,58.7,1.65
R2,101,8785,66,8695,-0.2867392139661873,-0.014227620799100648,0.04565205544865642,0.4498822003831624,0.007867220891826041,0.046444277807420185,0.9601898914309343,0.7067434265242071,0.3709322041082867,0.1301432570024188,0.00861568,0.5,0.05,20.7,42.7,2.1
R2,101,8918,67,9116,-0.27583932937968947,-0.013768812835865432,0.052842247261323916,0.4338113614101381,0.006743630935350252,0.05022791725660733,0.9504998586593937,0.6634091612650088,0.3623932193896739,0.13035519458903774,0.0085944,0.5,0.05,21.7,40.8,2.13
R2,101,9051,68,10038,-0.20584154598542714,-0.013482470983233786,0.05313672303989923,0.44403562658708157,0.006571729591027485,0.04864698840725806,0.9690619466818733,0.6522267812926484,0.36319867757096586,0.13365374257109292,0.00857312,0.5,0.05,23.3,52.5,1.76
R2,101,9184,69,9581,-0.2547697733899423,-0.014200817165227694,0.042315838895369356,0.437994165605851,0.0064954627699911624,0.04664863745944485,1.0267624555021138,0.715282720732952,0.3697156313588758,0.1281007602141865,0.00855184,0.5,0.05,21.3,51.9,1.82
R2,101,9317,70,9300,-0.2345623045965699,-0.009432854767450257,0.047446429938592806,0.4302672488607927,0.006268428849134397,0.047145451519423565,1.0348287942674168,0.6963583698714058,0.37030059075661276,0.13595570066981874,0.00853056,0.5,0.05,20.8,48.0,1.93
R2,101,9450,71,9232,-0.17101342067947453,-0.026519056233487784,0.04722184921931374,0.43521540681607185,0.008152125447129302,0.049958881578947366,1.0663580262557995,0.7533184966687841,0.34870639943918624,0.13986178431012536,0.008509280000000001,0.5,0.05,21.3,52.0,1.81
R2,101,9583,72,9285,-0.25002643001107233,-0.01902757331349094,0.04895250302817605,0.4413167809689263,0.007580772170788363,0.04918083464435546,1.0864108360431641,0.7172676289590036,0.3642197054866253,0.1419787104478734,0.008488,0.5,0.05,21.3,53.8,1.77
R2,101,9716,73,9756,-0.22507645406116622,-0.012237288793272,0.052693699089797805,0.432784587659962,0.007715062448676599,0.05322614397321428,1.1394712105402092,0.660046897822568,0.3619335547152139,0.14211279691668946,0.00846672,0.5,0.05,21.8,54.5,1.74
R2,101,9849,74,9675,-0.17704107173046624,-0.013587783275806816,0.04853674204597266,0.4277658717060747,0.0065637597890642555,0.04631376490654742,1.0210369206975856,0.7129673406559345,0.3541479963380394,0.14245370656925843,0.00844544,0.5,0.05,22.1,49.5,1.86
R2,101,9982,75,8894,-0.2838401124409935,-0.013948448520190893,0.04346469604660704,0.4245815260168355,0.005907220446151157,0.043603515625000006,1.007937115334365,0.7386647197554146,0.3472477373470316,0.13721498320891912,0.00842416,0.5,0.05,23.9,46.0,1.9
R2,101,10115,76,9424,-0.2910681319540638,-0.012770300831016138,0.048562558176450145,0.43478966139800856,0.00792396387077117,0.05255250506072874,1.0040660230592828,0.6969761658051745,0.35126284831430016,0.1465184045777079,0.00840288,0.5,0.05,23.3,47.1,1.89
R2,202,133,1,8815,-0.06101615481468694,-0.01273427230726385,0.08301569900446824,0.6175980716695098,0.004292068950484972,0.046003278669294295,0.6911194506817829,-0.040423126169376156,0.5582050133229411,0.0038586915058852317,0.01,0.5,0.05,20.4,44.9,2.04
R2,202,266,2,8914,-0.12807057582389322,-0.01087659161554565,0.06638022177901079,0.614117143601355,0.002969117233671573,0.032652581431878304,0.7121094498258759,0.10116291391590293,0.5389638300127833,0.009464702136548648,0.00997872,0.5,0.05,20.7,52.8,1.81
R2,202,399,3,8940,-0.19206222839556003,-0.011785208493135897,0.05695848509957657,0.6008313893247256,0.002792667605080873,0.03125183910075329,0.7129897845312397,0.2139649128892408,0.5314892260709594,0.01456817546198063,0.00995744,0.5,0.05,19.6,53.4,1.82
R2,202,532,4,8256,-0.24866069894638584,-0.012036816087602872,0.05902317302531535,0.5817403733616381,0.0030311129530065893,0.03079044117647059,0.7384944062357227,0.2585614873514651,0.5302304210346884,0.020758444288146202,0.00993616,0.5,0.05,17.6,47.1,2.06
R2,202,665,5,8929,-0.29232815367910786,-0.013105503653462944,0.051393093686852506,0.5812326124546072,0.0035425591886044886,0.03698374807098766,0.7534156281260588,0.3529527207102432,0.5200146712078776,0.02499884420544343,0.009914880000000001,0.5,0.05,20.8,47.8,1.94
R2,202,798,6,8545,-0.31988181446872305,-0.01219291534039997,0.052347298652005665,0.5698707716383664,0.0030103065896343794,0.032640800101024825,0.7202874465642342,0.3771049655044256,0.5167999542343955,0.028810476677253595,0.0098936,0.5,0.05,19.4,48.7,1.95
R2,202,931,7,9180,-0.3391375764182603,-0.011987354149060304,0.0518723853373711,0.5855706414503339,0.0030846156763171696,0.030976453081232494,0.7504927052562823,0.37954636389999796,0.5098668188137067,0.0363732396727032,0.00987232,0.5,0.05,20.3,50.1,1.89
R2,202,1064,8,9013,-0.3763619685621066,-0.011112204149191538,0.04591211852815849,0.5719162261729218,0.003076849543915215,0.030642940517125142,0.7435034157125368,0.46057545545721945,0.5066892977473478,0.03619445391800592,0.00985104,0.5,0.05,21.7,49.5,1.87
R2,202,1197,9,9067,-0.3854300426143615,-0.012097997629589536,0.05618761877068176,0.5727889621360437,0.003000862987198326,0.030080336987297212,0.7343798689165473,0.3487567081744605,0.5038295593816812,0.04042762719788805,0.00982976,0.5,0.05,23.3,50.5,1.8
R2,202,1330,10,9464,-0.369657529858202,-0.012545095503551906,0.045083413044288735,0.5567314194139815,0.0033253872533290014,0.036064005464770794,0.7412518957461603,0.4544389263118581,0.504081340138869,0.043174666769675796,0.00980848,0.5,0.05,22.5,48.9,1.86
R2,202,1463,11,8933,-0.4168149962658962,-0.012757284835782094,0.044831516075314895,0.5612698609641451,0.0030146245946777897,0.032348336669092675,0.7250076798809659,0.45770299191854014,0.5031290769890838,0.04562096465963731,0.0097872,0.5,0.05,22.2,45.5,1.96
R2,202,1596,12,8848,-0.41091695105225456,-0.010104885476563946,0.04430070760326564,0.5472652365635288,0.0032611963624497066,0.03526174286265432,0.7793110204438529,0.5040491378664784,0.4857665696280679,0.05013278912967367,0.00976592,0.5,0.05,23.4,45.0,1.94
R2,202,1729,13,8303,-0.4070736428180756,-0.009956828127238151,0.05323906742248406,0.5443443186075093,0.002595409262999223,0.027497453795707474,0.7706493447747108,0.457807851760062,0.4923730219437091,0.049480019230860844,0.00974464,0.5,0.05,22.4,44.0,2.0
R2,202,1862,14,9139,-0.3270382092360193,-0.012428220091028792,0.04920636785378234,0.5410054247837843,0.0035291605544985477,0.03549742327187101,0.7920568981836156,0.5464176666049316,0.48687701581007303,0.054057783911946246,0.00972336,0.5,0.05,21.4,50.5,1.85
R2,202,1995,15,8773,-0.37600626976028145,-0.010120494985343481,0.044044693634308164,0.5429318353496231,0.0037867118678902023,0.03337571394424316,0.8264268460346993,0.5837856471492024,0.4841721731687826,0.05112624118122604,0.00970208,0.5,0.05,21.9,44.8,1.99
R2,202,2128,16,9119,-0.32858120425313536,-0.011839937341656087,0.04942140131251697,0.5294247209157819,0.003607908097349336,0.036083788278112455,0.7744436663531858,0.569982173964109,0.4752908671551267,0.05665860055042845,0.0096808,0.5,0.05,22.4,45.8,1.95
R2,202,2261,17,8969,-0.30070760063383745,-0.012821717802273676,0.049519890924057924,0.5492772819533351,0.003465568358462828,0.03559242744365828,0.7715435740724047,0.5917817829195944,0.4698599719893857,0.057441849988823894,0.00965952,0.5,0.05,20.5,46.5,1.99
R2,202,2394,18,9376,-0.32173623931394457,-0.012424568220422927,0.05403748331499678,0.5267586706313176,0.003826759964659832,0.037345805921052626,0.7972396957980444,0.4695393128868961,0.47717521989870365,0.059522680646150884,0.00963824,0.5,0.05,23.1,46.0,1.92
R2,202,2527,19,8750,-0.3396883178273099,-0.014963353548096837,0.05006820532331272,0.5351374899318081,0.003520410752565666,0.037188396361714976,0.864135080410477,0.5772859363999092,0.4723539335280413,0.0618567371143342,0.00961696,0.5,0.05,22.4,44.8,1.98
R2,202,2660,20,8538,-0.32802658511515365,-0.011420289291042692,0.04706731337206691,0.5187117587818979,0.0035488596365383187,0.032428449613226794,0.8243509702525061,0.6209310218788101,0.4646762666586367,0.06294696975240356,0.00959568,0.5,0.05,21.2,42.6,2.08
R2,202,2793,21,8415,-0.3721503506751679,-0.010643412038538367,0.051124743699825136,0.51016072114837,0.003749945202497922,0.03723456871537852,0.7697626736293457,0.5273299430967892,0.4608119269143722,0.06486179992363525,0.0095744,0.5,0.05,20.1,46.8,1.99
R2,202,2926,22,9539,-0.31425049272804517,-0.011593154584051336,0.05123315779260025,0.5184204561024277,0.004099576776263267,0.03580970509308294,0.801960168457002,0.5259595093893992,0.46540940606597714,0.06980840708634889,0.00955312,0.5,0.05,22.2,50.8,1.82
R2,202,3059,23,8913,-0.4176017986321854,-0.01365686097119271,0.04056733971146628,0.5237337245968962,0.00429750841962968,0.041180851483585856,0.7811866061231927,0.5642851038196568,0.46335238161163605,0.0667621093470136,0.00953184,0.5,0.05,21.9,47.1,1.93
R2,202,3192,24,8811,-0.37533772397203047,-0.007842537443723936,0.047340210776413184,0.5120170344418716,0.004002277086075138,0.03633791090667186,0.8141536854095326,0.550643652286429,0.4571437922693392,0.0696880122725407,0.00951056,0.5,0.05,22.8,47.8,1.89
R2,202,3325,25,8906,-0.4165865798795433,-0.013529119375270824,0.042456741075465584,0.4954160835577706,0.0038364059490190914,0.03228753051086359,0.8078652681195769,0.5918851151093638,0.4565864720597296,0.07247447862349325,0.009489280000000001,0.5,0.05,22.9,42.9,2.02
R2,202,3458,26,8260,-0.4627887349741943,-0.014399080308865579,0.047947747718354,0.4983289675253192,0.003984815056669794,0.03433174740484429,0.8851492135377756,0.4508180365507032,0.4491615871843151,0.06940260229151239,0.009468,0.5,0.05,20.9,40.6,2.16
R2,202,3591,27,8895,-0.36505287189993496,-0.013524302854576233,0.04421556270837034,0.5123332172415367,0.003966631882173632,0.036443704779304836,0.8719346433133214,0.626531595353703,0.44424865274470077,0.07535321642497599,0.00944672,0.5,0.05,20.9,44.8,2.03
R2,202,3724,28,9078,-0.43917651265291446,-0.012404474550986663,0.04119194685645273,0.5117943406126211,0.004436619946034843,0.0387478588736631,0.8343299112073516,0.6053188007213692,0.44267576126741154,0.07551196050961474,0.00942544,0.5,0.05,21.4,48.7,1.9
R2,202,3857,29,9137,-0.436068758787463,-0.012528658668374904,0.042866548405216275,0.5087270320518658,0.003589439523876218,0.03366540718421221,0.8152599532467396,0.5922473265358734,0.4519511134023525,0.07830331290523605,0.00940416,0.5,0.05,21.5,50.1,1.86
R2,202,3990,30,8777,-0.41102766475399416,-0.014012881324509625,0.0448946459739996,0.49446443986514155,0.004460133887794274,0.038037629613774736,0.9348427132825754,0.5934524729573483,0.4490742554871672,0.0750343990598225,0.00938288,0.5,0.05,19.0,51.3,1.89
R2,202,4123,31,9481,-0.29918720222127043,-0.013073003107007314,0.04939815321671596,0.5128086337166844,0.004070278169728103,0.03750387909632572,0.8465701530978684,0.6613765736957593,0.4407046530437637,0.07944628920055394,0.0093616,0.5,0.05,21.6,48.8,1.89
R2,202,4256,32,8858,-0.36413356740885644,-0.014374610885239253,0.04457044976178412,0.5043378691519028,0.004898408534000851,0.041596559907106784,0.881595482994612,0.6609772309690763,0.4432963493350876,0.08412307876061795,0.009340320000000001,0.5,0.05,20.1,47.0,1.98
R2,202,4389,33,8807,-0.4151724420408982,-0.013322218633590262,0.0468387311783736,0.5152806158106027,0.004782044240505636,0.03826555336434736,0.9246839875151304,0.5800286833312557,0.4333635769522836,0.08765536184929863,0.00931904,0.5,0.05,21.6,47.8,1.91
R2,202,4522,34,9269,-0.32552916200399307,-0.015468225642335832,0.045440895215443804,0.506894018871441,0.004831372522143655,0.0421182581305859,0.9511059462337829,0.6628034383741767,0.4285503359434243,0.08774258546398413,0.00929776,0.5,0.05,22.9,44.0,1.99
R2,202,4655,35,8561,-0.3954682876873854,-0.01235550217843686,0.043492477176297735,0.4821496512608892,0.004545919714294168,0.040510530622309894,0.8166220361179463,0.6657597246059896,0.42541636442666814,0.08674154827777125,0.00927648,0.5,0.05,21.1,39.6,2.19
R2,202,4788,36,8728,-0.394562374133507,-0.009543045578922164,0.042708078773672144,0.49589167479101615,0.004735264739053637,0.038248697916666664,0.9664094879001274,0.6322669832881462,0.43616233033857854,0.09135913372693781,0.0092552,0.5,0.05,21.6,41.5,2.11
R2,202,4921,37,8699,-0.3951766114752366,-0.013665536562465013,0.04711774799402013,0.4976163267270163,0.004827838076109826,0.03942982980914259,0.8752191862473504,0.5982228886461172,0.43499438723548567,0.093690021439196,0.00923392,0.5,0.05,22.6,44.5,1.98
R2,202,5054,38,8917,-0.3645178065844526,-0.011071133954740804,0.04824886358394391,0.47897355908709255,0.005163789081690396,0.042864827856025044,0.9242459185748335,0.616451000928134,0.4277298542842875,0.09016671347852794,0.009212640000000001,0.5,0.05,16.6,38.2,2.43
R2,202,5187,39,9708,-0.26661913244005525,-0.01324389974073648,0.04850747752242022,0.4872013466880592,0.005178110636849618,0.04528960071673085,0.8689517788598146,0.64863292842181,0.4161411160652536,0.09623757542990445,0.00919136,0.5,0.05,18.1,42.4,2.2
R2,202,5320,40,9084,-0.3193138462106313,-0.014799577427785883,0.04469835822964135,0.496060866114605,0.004771128698068939,0.04254100420321637,0.9041571757300311,0.6620563461041808,0.4179103623107069,0.09717034018075274,0.00917008,0.5,0.05,17.2,37.4,2.44
R2,202,5453,41,9300,-0.27594779194189983,-0.012724966028967359,0.045512334614373005,0.48422712033467336,0.0046860021973184375,0.04187470629699248,0.9160791641219947,0.7015157747014638,0.4249707407715726,0.09228281696587233,0.0091488,0.5,0.05,17.9,43.9,2.15
R2,202,5586,42,9368,-0.22706493979158227,-0.013337299498021725,0.04960801281993475,0.4717577023030742,0.00541101273867476,0.042255940529778394,0.9084588570947773,0.6887949168475348,0.4136876974779899,0.0979206780011509,0.00912752,0.5,0.05,17.5,39.2,2.35
R2,202,5719,43,9140,-0.28438541387711275,-0.012348858781010354,0.05623224057082277,0.47343916408198555,0.0050112118057905,0.03920833731523955,0.8652761854376365,0.6280447615230164,0.41180913384719414,0.10028647771507941,0.00910624,0.5,0.05,17.1,37.9,2.42
R2,202,5852,44,8789,-0.310026005133772,-0.018158670494225402,0.05008537550616002,0.46596550901824113,0.0059286575236517985,0.042897582209967325,0.9376974965218934,0.6144721953300678,0.4042796308899839,0.10235762406371356,0.00908496,0.5,0.05,16.9,40.5,2.32
R2,202,5985,45,9572,-0.21946807719225678,-0.013088841017995973,0.05466271107251872,0.47066327045690604,0.0054668240523263216,0.03845640754361325,0.8965858479034864,0.6421972885700409,0.41763616143933324,0.1023183725515934,0.009063680000000001,0.5,0.05,18.0,40.3,2.28
R2,202,6118,46,9948,-0.22067574209786878,-0.013648794979649445,0.048111365605469324,0.4755261139505307,0.005535152439929957,0.046932705965909094,0.9451935253859765,0.6505857756083819,0.4154576781764475,0.10512650027243427,0.0090424,0.5,0.05,18.0,38.7,2.34
R2,202,6251,47,9092,-0.2598101365450782,-0.014010441567263159,0.05037595714947846,0.4731762781632751,0.006137687038695625,0.045780422215063,0.8714837661384658,0.6565001556834996,0.40424983420183813,0.10017288043700003,0.00902112,0.5,0.05,17.4,34.7,2.55
R2,202,6384,48,9130,-0.1915737702644481,-0.014127681829218737,0.054510905775921735,0.47341088983831436,0.004968163199397603,0.04351485067814293,0.9199790246014281,0.6576296882844117,0.41392774539981203,0.10323905055081012,0.00899984,0.5,0.05,16.6,38.2,2.43
R2,202,6517,49,8747,-0.2585540722884482,-0.014408113546312495,0.043312944409666855,0.4686788367338409,0.005377180282842302,0.04429985263242894,0.9404207871569059,0.7461539321746666,0.4075774542767579,0.10368213715446598,0.00897856,0.5,0.05,16.4,38.6,2.42
R2,202,6650,50,9091,-0.3247886581530007,-0.012725551009976785,0.04718757248419256,0.46103708030633545,0.005726717464306601,0.042255393944695664,0.9627790446402028,0.668125348284758,0.39496165687237433,0.11021579771076512,0.00895728,0.5,0.05,18.1,43.6,2.16
R2,202,6783,51,9590,-0.24955330674686663,-0.013003456421491949,0.05069668566219348,0.47147755774303385,0.005406680708655275,0.04191069276843513,0.9106280195252027,0.6893090041674744,0.4038205234893492,0.11209149466019597,0.008936,0.5,0.05,17.6,43.6,2.18
R2,202,6916,52,9441,-0.21544384953979667,-0.012297123783394578,0.05727334822906598,0.4628219398447882,0.0053527688862141255,0.04294099506578947,0.9266834381951582,0.6440824887535764,0.4016458198623429,0.1137576337122096,0.008914720000000001,0.5,0.05,17.2,42.2,2.24
R2,202,7049,53,10193,-0.27308217594433015,-0.013475613126729355,0.0436259038416731,0.4665575339200103,0.00534044613798079,0.04232894405241936,0.926589568648352,0.6856650294569191,0.39167010852132955,0.11509746625242286,0.00889344,0.5,0.05,19.6,40.4,2.22
R2,202,7182,54,9113,-0.27058964333445945,-0.0133173516658678,0.04638552813602957,0.4586658013407294,0.005658561269639323,0.042795709279917146,0.9368611766367584,0.70642214842929,0.38856033269736984,0.1178531503402793,0.00887216,0.5,0.05,17.4,37.2,2.44
R2,202,7315,55,9359,-0.28112299017085135,-0.01399919984774822,0.047796377504183044,0.4609993250355588,0.0055929197810525196,0.04470460152511962,0.9673791271437675,0.6956728715444759,0.39141722862438355,0.1139028594861897,0.00885088,0.5,0.05,17.3,40.6,2.3
R2,202,7448,56,9712,-0.13837360998057083,-0.01411671674173966,0.0537669925544926,0.45852273764252227,0.006579511829440599,0.046007865556027164,0.9652802446259328,0.6678859723226898,0.38223280276844673,0.11886752652608978,0.0088296,0.5,0.05,17.2,42.2,2.24
R2,202,7581,57,9542,-0.19037334404823483,-0.013368196624251866,0.0503479579230931,0.45146482600661714,0.005773216495988831,0.04574298211979335,0.9479780865814537,0.6795736044149779,0.39017801807072633,0.12169702291164772,0.00880832,0.5,0.05,16.6,40.8,2.32
R2,202,7714,58,9641,-0.20731489773101067,-0.013903969596378745,0.053130802716075405,0.4407318462029254,0.006354774908847562,0.04576099313080495,0.984105100799656,0.6254795066192042,0.3778530009597829,0.11900339512158915,0.00878704,0.5,0.05,17.9,44.8,2.12
R2,202,7847,59,9463,-0.20744954378364333,-0.012617882172372696,0.05265757233768979,0.449583282619103,0.00704651153912319,0.04310255133976135,0.9562028167177226,0.6677569936881679,0.3858279131817845,0.11909744981947726,0.008765760000000001,0.5,0.05,16.4,42.8,2.25
R2,202,7980,60,8915,-0.21946236739935837,-0.012671375030869219,0.04834685962713164,0.43894834082143946,0.0058916132747864865,0.04333862497531596,0.9418681859260869,0.7095153713071569,0.38014872259592847,0.11694846845424364,0.00874448,0.5,0.05,17.2,38.1,2.41
R2,202,8113,61,9531,-0.21138983703627545,-0.01386066540870242,0.0457499318723165,0.4428014097794923,0.006863477302066737,0.04899602521929825,0.9694995259665213,0.7244298363440794,0.3720044035324188,0.12737745948786777,0.0087232,0.5,0.05,17.6,42.6,2.21
R2,202,8246,62,9532,-0.25102119538399587,-0.012234574059520449,0.05157136024363942,0.43761011752981266,0.006379795131673312,0.04579921979097269,0.9517900483480336,0.6377514633663677,0.37501176570133665,0.12317479009956726,0.00870192,0.5,0.05,17.4,43.1,2.2
R2,202,8379,63,9692,-0.17589977141849716,-0.013531863495239233,0.05186156770983874,0.4393800025717921,0.006492338311880667,0.04256663602941176,1.0129660160689307,0.6645618002942252,0.37836896280177906,0.1272486837604647,0.00868064,0.5,0.05,17.3,44.4,2.16
R2,202,8512,64,9071,-0.23833801390469206,-0.013496856600856196,0.04809418476848999,0.46132962663941984,0.0055022672615513794,0.043344237246442624,0.9542039054192423,0.6959132395890765,0.37209430024244566,0.12704976052226036,0.00865936,0.5,0.05,16.8,43.4,2.21
R2,202,8645,65,9990,-0.18959130904565644,-0.014123134129776732,0.046010234918998624,0.43598703387052096,0.007868106341807042,0.05126692211354962,0.9653330127421029,0.7318252084492081,0.3728702268280931,0.12699328798813364,0.00863808,0.5,0.05,17.7,40.6,2.28
R2,202,8778,66,9273,-0.24861691009959982,-0.010095345779061909,0.05493863438138197,0.43676029651254006,0.0067249062394268335,0.044403386138042476,1.093847390584036,0.6386755972250071,0.3706573491010956,0.12792693516983844,0.0086168,0.5,0.05,17.9,41.3,2.25
R2,202,8911,67,9836,-0.18057839379796134,-0.014251483299689147,0.045476908311358095,0.4443106113044669,0.006854257279456322,0.048909505208333336,1.0160286597086596,0.725738441994475,0.3631790576002542,0.14112784339848689,0.00859552,0.5,0.05,18.5,42.2,2.19
R2,202,9044,68,8955,-0.2547896950227527,-0.01647536690855848,0.046977154293318474,0.4329823025251999,0.006616576133123126,0.0494701964710602,1.0091436165386019,0.7167669622399556,0.37108596788454484,0.12832247125591495,0.00857424,0.5,0.05,17.3,39.5,2.34
R2,202,9177,69,9175,-0.24149020360969434,-0.01435841013686946,0.053452923423120774,0.44987974915838336,0.006053675965265772,0.045564911111848315,1.0203950705070903,0.6842195204174493,0.37064465803036306,0.13693024461305578,0.00855296,0.5,0.05,16.5,44.3,2.19
R2,202,9310,70,9979,-0.1847185809638614,-0.012666215366627204,0.053463794371256944,0.4474321174025345,0.00690773439324654,0.046843485433266926,0.9554644098752172,0.6684310403306941,0.3573657251516943,0.1402321186841469,0.00853168,0.5,0.05,17.5,46.3,2.08
R2,202,9443,71,9232,-0.21765543087931932,-0.015359497423761227,0.04863474869762377,0.4355049773825284,0.00676141956627404,0.047440378289473686,1.1475841211281375,0.6951731696419741,0.3555447383567699,0.14250557425289054,0.0085104,0.5,0.05,17.9,39.8,2.31
R2,202,9576,72,9450,-0.17546954078991397,-0.01376045264648031,0.05512430360399969,0.41947494018759857,0.007398981154301671,0.04995470823493027,1.000585088440886,0.6460976998810872,0.35892927414938985,0.14298184202128741,0.00848912,0.5,0.05,17.8,39.7,2.31
R2,202,9709,73,10114,-0.1608515934734401,-0.014132100141713459,0.04617316839426412,0.4379597009056386,0.007425372352487841,0.04934259128076425,1.0118377315904383,0.710227504249337,0.3552361891763228,0.14642047134210695,0.00846784,0.5,0.05,18.5,42.6,2.18
R2,202,9842,74,9630,-0.22754384492683477,-0.014056588402413328,0.04773970186481529,0.4229270285831677,0.007240072194424597,0.049850374634502925,0.9714519482561954,0.6825947592487484,0.35982246347841257,0.14719035589135165,0.00844656,0.5,0.05,17.6,34.8,2.54
R2,202,9975,75,9602,-0.17959301386868404,-0.01451885974518631,0.048024873752808624,0.42000065459628616,0.006108123687867934,0.04893012211958003,0.983131924156129,0.7070011584851452,0.35688271761072204,0.1396704054668372,0.00842528,0.5,0.05,17.0,41.5,2.27
R2,202,10108,76,9390,-0.24136780463436636,-0.014527508232054273,0.049255329044457355,0.41696719969117035,0.008190145973261039,0.05092776391409558,1.0255265591922882,0.7234546295127762,0.35099288135329576,0.14734840682507178,0.008404,0.5,0.05,18.2,40.1,2.28
R2,202,10241,77,9355,-0.30369165818659716,-0.016257866873687486,0.045128521131787176,0.4206430144710643,0.007800114409986616,0.050622433796383946,1.0094159714177335,0.6922807486249787,0.3504033219890301,0.1491644944797951,0.00838272,0.49748000000000003,0.049784,18.6,41.2,2.22
R2,202,10374,78,10078,-0.2114875002106712,-0.014050796617754796,0.04694208379283296,0.4096352305632883,0.007745529949123359,0.05030678013392857,1.010559507010791,0.7133934488186019,0.3468982569151475,0.153852936809137,0.00836144,0.4943766666666667,0.049518000000000006,18.7,44.0,2.12
R2,202,10507,79,9464,-0.26588810623353415,-0.013639705115525558,0.03980904308923726,0.42205858682912434,0.007038330861561398,0.050505192858658746,1.0185557731755714,0.7619404676212289,0.34511744684491563,0.15095801036823986,0.00834016,0.49127333333333334,0.049252000000000004,17.2,43.3,2.2
R2,202,10640,80,8954,-0.18137074288579652,-0.013287212828745284,0.05627031191570164,0.41319146242612914,0.008091545969962335,0.05001974826388889,1.0110734934184284,0.6960491643327089,0.3496937100598376,0.15486831708281715,0.00831888,0.48817,0.048986,16.3,38.3,2.44
R2,202,10773,81,9021,-0.19892443956646486,-0.014471603045424867,0.051939195864295705,0.4205984260855402,0.009901952406694494,0.050380253516035756,1.0400249890073703,0.7091215896266734,0.34073165937413474,0.1503943261201333,0.0082976,0.4850666666666667,0.048720000000000006,17.0,36.9,2.47
R2,202,10906,82,9731,-0.22879123961269593,-0.033348840988631744,0.048299455978807596,0.40998763677877603,0.008362203763734293,0.054947916666666666,1.623239270591205,0.7159900111770301,0.3394883688642282,0.15672970428514993,0.00827632,0.48196333333333335,0.048454000000000004,18.6,39.7,2.28
R2,202,11039,83,8596,-0.2704797331355154,-0.014285757447037683,0.04436692198415054,0.43050560720899783,0.010034387418688052,0.052535024297466516,0.9992258524080871,0.7520559452612742,0.34035153817197816,0.15554182491506674,0.00825504,0.47886,0.048188,16.6,40.2,2.34
R2,202,11172,84,9718,-0.18696235652785229,-0.01435573366714462,0.05074508277155295,0.40386319599758963,0.007892177111804998,0.04981113784991612,1.0149791126667809,0.7085408990664774,0.337872961150346,0.1546319505606355,0.00823376,0.47575666666666666,0.047922000000000006,17.7,45.3,2.11
R2,202,11305,85,9493,-0.27315102800713476,-0.015114609096899136,0.04446013878507068,0.40035777184938687,0.008621799234326889,0.05370843254203877,0.994318746150889,0.7334635748544426,0.3333550013610226,0.16307525010926072,0.00821248,0.47265333333333337,0.047656000000000004,17.8,42.1,2.22
R2,202,11438,86,9890,-0.24767010347057208,-0.013620202173362605,0.05001083782239568,0.4019234762895426,0.009348446703099592,0.053628351658950614,1.0537702813171101,0.7098090041733309,0.33502648206189845,0.16493228294031978,0.008191200000000001,0.46955,0.04739,17.7,48.6,2.01
R2,202,11571,87,8994,-0.22196167295098512,-0.013002119392176208,0.04793253391890439,0.4029930042061193,0.008695977251138012,0.05052887781369732,1.044092038790075,0.7328248933500394,0.33704215222176537,0.1629650573824165,0.00816992,0.4664466666666667,0.047124000000000006,17.5,40.6,2.29
R2,202,11704,88,9637,-0.21293298601517885,-0.014078260459777874,0.04461589319827364,0.3987638246721096,0.009874926788012434,0.050543549388986114,1.0341495995086774,0.7600488271278403,0.3292933560928868,0.16504931406750945,0.00814864,0.4633433333333334,0.046858000000000004,18.6,40.3,2.26
R2,202,11837,89,9481,-0.1981870283861916,-0.013934036857123036,0.0450365795934245,0.40052941760567695,0.007999726392410606,0.05153505539349554,1.0439695371591748,0.7367166459247672,0.3273627225294229,0.16299172368507045,0.00812736,0.46024,0.046592,18.2,42.9,2.18
R2,202,11970,90,10240,-0.19756899956804277,-0.0137510147750747,0.05255632585065275,0.39670148057944654,0.008548087489195218,0.054931640625,1.0565155834480702,0.6804564095420937,0.3168013278188342,0.17433497692644948,0.00810608,0.4571366666666667,0.046326000000000006,17.1,43.9,2.18
R2,202,12103,91,9650,-0.18161658943140144,-0.014535886888531371,0.05088769177717324,0.4066806362784381,0.009825889386948984,0.05344281507700704,1.069105608472785,0.6963653387759134,0.32426076601822984,0.1717043716230777,0.0080848,0.45403333333333334,0.046060000000000004,17.8,39.7,2.31
R2,202,12236,92,9023,-0.2856041520803718,-0.01376661524823171,0.04572679531989734,0.41307034494604383,0.009376090190094515,0.05541303389498432,1.0183298627600057,0.7160457060310209,0.323294137894673,0.1714634123267865,0.008063520000000001,0.45093,0.045794,17.1,41.8,2.26
R2,202,12369,93,9375,-0.21124979812552128,-0.014320939048009552,0.05257885654122138,0.3931845741714635,0.009259501720088619,0.051227507706471366,1.053185629257185,0.7117447126371128,0.3161919936892243,0.1752565070516352,0.00804224,0.4478266666666667,0.045528000000000006,16.5,43.0,2.23
R2,202,12502,94,10079,-0.2521331126217765,-0.015166722513274639,0.04318003436774237,0.3980816395617152,0.008499940638642758,0.05094581886574075,1.048405545980585,0.7223262789484384,0.32144778343311625,0.17239220305124733,0.00802096,0.44472333333333336,0.045262000000000004,17.7,41.9,2.23
R2,202,12635,95,9561,-0.2392346818208418,-0.01438359804309611,0.04704609407890839,0.41229268537640285,0.009505658501243458,0.054155642162471394,1.0615036096474377,0.7224329859399652,0.3256549567351837,0.18315239214274773,0.00799968,0.44162,0.04499600000000001,18.0,43.1,2.17
R2,202,12768,96,9283,-0.3297848274531403,-0.01467869640302212,0.04621465816657265,0.39385770817739185,0.00996128940538242,0.054303549072073846,1.1876823685249431,0.6808527200550294,0.3167155813937771,0.17869137169972393,0.0079784,0.4385166666666667,0.044730000000000006,17.5,40.5,2.29
R2,202,12901,97,9294,-0.2564477151605787,-0.01171913864189614,0.05082428707811317,0.40232971019518304,0.009316955678411135,0.05643239709851551,1.1207244160475787,0.672151187525923,0.31972397222487753,0.18296151908430217,0.00795712,0.4354133333333334,0.044464000000000004,18.4,39.7,2.29
R2,202,13034,98,9802,-0.19211253630636507,-0.014927300778826594,0.04240864556100612,0.39602518124068725,0.010359332942372543,0.05641166068412162,1.0875681160027233,0.7561729676611302,0.3154593111539187,0.17502753758340073,0.00793584,0.43230999999999997,0.044198,17.5,43.3,2.19
R2,202,13167,99,9804,-0.10443377780309969,-0.016143038711651576,0.0455307782344485,0.39511547729230295,0.010191190012996159,0.05257118626644737,1.0891150345404719,0.7696573835438405,0.3097525367431674,0.1807825664483606,0.007914560000000001,0.4292066666666666,0.043932,18.1,46.6,2.06
R2,202,13300,100,9090,-0.17118681524446644,-0.015369533557431782,0.04844649948295246,0.39722554387300835,0.009848364873568214,0.055891898972725965,1.0949267430246938,0.7419307502232901,0.3129980988608204,0.18769283003526477,0.007893279999999999,0.42610333333333333,0.043666,16.7,40.0,2.35
R2,202,13433,101,9303,-0.2342856664055825,-0.013608794862146629,0.04562032086227861,0.38948267196573966,0.008843669229134477,0.05526794322822143,1.0689394025876122,0.744112225293454,0.3191312548530227,0.18257961840469192,0.007872,0.423,0.0434,17.4,41.3,2.26
R2,202,13566,102,9461,-0.21725701813013062,-0.01295894368698262,0.05107311630393121,0.3881412347759669,0.009337759010623795,0.0559734995972073,1.066570631176139,0.7067770671085789,0.3103114217800042,0.18118978797762986,0.00785072,0.4198966666666667,0.043134000000000006,17.8,43.2,2.18
R2,202,13699,103,9655,-0.20432955738891945,-0.014025020142724045,0.045877288380816415,0.38724263159212824,0.011708433721337353,0.05618975074181753,1.1030709710355076,0.7393690821619647,0.3071624775366056,0.19354005981829694,0.00782944,0.41679333333333335,0.042868,18.7,44.0,2.12
R2,202,13832,104,9535,-0.1919652949705318,-0.014367481322336185,0.043682908810164546,0.3931383631900743,0.01065226822517595,0.05693966806220095,1.038140326385265,0.7760647342059097,0.30103355245658986,0.19340261272407927,0.00780816,0.41369,0.042602,17.3,41.6,2.26
R2,202,13965,105,9160,-0.19565137693918233,-0.015086722532040305,0.04801700690795632,0.38353171323935714,0.010250037923568798,0.05377280549463938,1.045898270058322,0.7442391021843742,0.29628410640991176,0.18146810125291618,0.00778688,0.41058666666666666,0.042336000000000006,16.8,37.0,2.47
R2,202,14098,106,9565,-0.19328096290840022,-0.015223220380904024,0.050324303625720816,0.38690455594804796,0.011460176117045874,0.05843705229226361,1.0904324813696555,0.7184789714278641,0.3101687896875567,0.18525200319224083,0.0077656,0.40748333333333336,0.04207,16.7,39.1,2.38
R2,202,14231,107,8714,-0.25096048754280204,-0.017369102434727,0.044879766925944385,0.3784406624114775,0.00996420801356445,0.05722656250000001,1.5468417416535905,0.7431239174431138,0.30237703380938463,0.1787879041419305,0.007744320000000001,0.40438,0.04180400000000001,16.2,38.4,2.43
R2,202,14364,108,9163,-0.18988208209972587,-0.014842477768140468,0.05018492254570849,0.3715198111134817,0.010908142638851703,0.058930972562636165,1.0713996369087746,0.7616860027254707,0.3073519503109192,0.19341528965869614,0.0077230400000000005,0.4012766666666667,0.041538000000000005,16.5,39.3,2.38
R2,202,14497,109,9392,-0.2510447484677098,-0.016997670568564247,0.045391172378843894,0.3834277793243061,0.010876405380318767,0.058476936303827755,1.083519994386383,0.7571512412033883,0.30139089452179985,0.19253105501028883,0.00770176,0.3981733333333334,0.041272,17.8,45.1,2.11
R2,202,14630,110,9769,-0.17153086571389387,-0.015684111634211562,0.046971338544708315,0.39038066031527585,0.01088620698813661,0.059896031821646344,1.110590404517886,0.7569348716494758,0.3009570609287466,0.20056859694782644,0.00768048,0.39507000000000003,0.04100600000000001,17.8,43.2,2.18
R2,202,14763,111,10064,-0.16798865044301206,-0.015012963847136535,0.04752747284122605,0.38501727399542485,0.01214141316953941,0.0596923828125,1.1201237258144467,0.7496544671559007,0.2977187299029194,0.20608951258998642,0.0076592,0.3919666666666667,0.04074,17.6,51.0,1.94
R2,202,14896,112,9853,-0.1940268342896136,-0.014070267559798195,0.04974386191500317,0.36325068521449677,0.012636150829829568,0.059015234375,1.1617430194293505,0.7267037826031439,0.3012347376736685,0.2014076680663191,0.007637919999999999,0.38886333333333334,0.040474,17.4,41.9,2.25
R2,202,15029,113,9922,-0.1953531034960459,-0.013345510272456817,0.04577379442686349,0.3716823055326328,0.01231305039700288,0.05887010711984536,1.1328248447527702,0.7577215401369024,0.29607237354789334,0.200012822720291,0.00761664,0.38576,0.040208,17.7,47.3,2.05
R2,202,15162,114,9628,-0.18426255486529874,-0.01433548313215417,0.04659373676346543,0.37159561347259423,0.012359270763788356,0.060101508606923856,1.0986631338794661,0.7611194032719952,0.28927460752124257,0.20783320242453976,0.007595360000000001,0.38265666666666664,0.039942000000000005,17.4,41.9,2.24
R2,202,15295,115,9303,-0.17675616364316948,-0.014940531162901748,0.0565692882624791,0.3677471443737901,0.011886085468500706,0.06017645474137931,1.1189153127559461,0.6851999404016957,0.2956402522855556,0.19939337428323065,0.00757408,0.3795533333333333,0.039676,18.0,41.9,2.22
R2,202,15428,116,9114,-0.24966745340080185,-0.015986066319753554,0.042537125279003156,0.38356133445220014,0.011705197234656118,0.05953299669715448,1.092599298546965,0.7649440593744691,0.28806447823049,0.20855435237787553,0.0075528,0.37645,0.03941,17.5,42.7,2.21
R2,202,15561,117,9873,-0.1278883042570921,-0.01236366894605941,0.044903222530383625,0.3720448035544181,0.0130734585115601,0.05708984375,1.144950896111476,0.7603641861107211,0.28869329691902645,0.20855177619439771,0.00753152,0.3733466666666667,0.039144000000000005,18.9,45.9,2.05
R2,202,15694,118,10411,-0.15398521170506205,-0.01602256819875303,0.046946078033679596,0.37238282040077764,0.011825054849162412,0.060749747632971314,1.1180067174095245,0.734554816121669,0.2848944389600758,0.20461059622901767,0.00751024,0.37024333333333337,0.038878,17.6,49.1,1.99
R2,202,15827,119,9448,-0.21909253454619704,-0.01694486036423041,0.048989107831636194,0.37390316121925377,0.01156119468476011,0.06232719629083485,1.170974756617573,0.7264165525482651,0.291071330126885,0.20345140359462258,0.00748896,0.36714,0.03861200000000001,17.6,41.9,2.24
R2,202,15960,120,9449,-0.24712189717366326,-0.014737786868164472,0.04588325862676284,0.37066942890789417,0.012980940022454274,0.06244496219928846,1.136244729640473,0.7212924624109408,0.2852169931378376,0.2069447828111808,0.007467680000000001,0.3640366666666667,0.038346000000000005,18.0,50.1,1.95
R2,202,16093,121,9241,-0.23819767799904895,-0.0166015992540089,0.04815381672094897,0.3713753746057624,0.011108475907837121,0.05703433388157895,1.113885976301737,0.7372544698082726,0.2938400783318544,0.20343125401790896,0.007446400000000001,0.3609333333333334,0.03808,16.9,46.2,2.11
R2,202,16226,122,9880,-0.21174008212638354,-0.013961770726730618,0.05124981813231122,0.3636858010876999,0.011652657211439788,0.06221217105263157,1.1095863865315803,0.7208829945189141,0.2885829329349724,0.212204050134467,0.00742512,0.35783000000000004,0.03781400000000001,18.6,44.5,2.11
R2,202,16359,123,8927,-0.2051805360891762,-0.015476743650122225,0.05337456049931149,0.36912987603129366,0.011438221106339963,0.06061365786154709,1.1018219463163952,0.6803925756089693,0.2739500188453298,0.21223642457305772,0.00740384,0.35472666666666675,0.037548000000000005,15.7,38.2,2.47
R2,202,16492,124,9857,-0.2442410870137019,-0.018096799022793035,0.04770876853027056,0.35886790818661946,0.013109570454089467,0.05977887294089147,1.051006045509305,0.7070257298207497,0.2761802426346111,0.21304866825396324,0.00738256,0.3516233333333333,0.037282,16.9,42.3,2.25
R2,202,16625,125,9965,-0.279674916620568,-0.015983783508767828,0.03868830587158893,0.36666809268288747,0.011243742307729534,0.060552334684862874,1.0657002212819306,0.7788188780689,0.27943222136893364,0.21413629144674165,0.0073612799999999996,0.34852,0.037016,17.7,40.4,2.29
R2,202,16758,126,9929,-0.254485289112361,-0.01313065490673478,0.04056560026029445,0.3487098653008628,0.017926039388191935,0.06265304337686568,1.1547575073532688,0.7767111130248829,0.2763503691607495,0.21971098650312665,0.00734,0.34541666666666665,0.036750000000000005,18.9,43.4,2.13
R2,202,16891,127,9403,-0.27258344828665176,-0.014294663787328618,0.045402817193825724,0.3652701344813201,0.01725390338610136,0.06234869190648747,1.086212742044031,0.7586100057059109,0.2700692857239395,0.20643298065080193,0.00731872,0.34231333333333336,0.036484,17.2,40.5,2.31
R2,202,17024,128,9872,-0.22882217812985994,-0.01689497513850686,0.045911681778929084,0.35172661155037055,0.013892152439081335,0.06006130642361111,1.1906592851135704,0.7373845800958339,0.2760948360749683,0.21476311828823308,0.0072974400000000005,0.33921,0.036218,18.5,44.7,2.1
R2,202,17157,129,9777,-0.1984386928927154,-0.0264052898334295,0.042016729310453034,0.35477808078692796,0.0145994305026115,0.06610929528061224,1.111073767993595,0.7993117061066004,0.27259184822763827,0.22396770587461887,0.00727616,0.33610666666666666,0.035952000000000005,17.0,43.2,2.21
R2,202,17290,130,9017,-0.2223506775250862,-0.015622732183626495,0.04590574986920231,0.34805721615679697,0.013638866871118694,0.05941370543241924,1.0762911613230177,0.7652892236754382,0.2664590137842755,0.21429160156327776,0.00725488,0.3330033333333333,0.035686,16.3,41.7,2.29
R2,202,17423,131,9233,-0.23915433784892942,-0.025380782260710305,0.04659984300604589,0.3600939754485804,0.011473316216070206,0.06104422648993807,1.3625576070636942,0.7598451333130707,0.2700052680331703,0.21561586443430253,0.0072336,0.3299,0.03542000000000001,17.1,40.3,2.32
R2,202,17556,132,9586,-0.2227596124939198,-0.014900303056598929,0.0447321353650164,0.3504281176175967,0.013225188099162358,0.061681382245732566,1.0958497662851323,0.7819393298492718,0.27333394029624186,0.21727418955317393,0.00721232,0.3267966666666667,0.035154000000000005,18.4,38.1,2.35
R2,202,17689,133,9136,-0.31510619740620466,-0.014794247437051196,0.04813063217802803,0.3484369266111924,0.012385122173331507,0.05630807130915638,1.0587885328468487,0.7099497206683003,0.2753385341986488,0.21165806157369704,0.00719104,0.3236933333333334,0.034888,18.0,39.9,2.3
R2,202,17822,134,9702,-0.2857694110270779,-0.01505158461611075,0.04645153134678479,0.34915322406208793,0.015315925478787115,0.059221736584903616,1.1192703520691687,0.7318347304036319,0.2684402109189003,0.2171499451134555,0.007169760000000001,0.32059000000000004,0.03462200000000001,18.3,43.2,2.16
R2,202,17955,135,9563,-0.2435870800091748,-0.014783591797554242,0.0426714911474779,0.3509073542190149,0.012133409832264127,0.06261353483334597,1.0969960947984019,0.7582453869167575,0.2688889521446307,0.2116279437077383,0.0071484800000000005,0.3174866666666667,0.03435600000000001,17.7,39.8,2.31
R2,202,18088,136,9424,-0.22358362404729704,-0.015670363036566187,0.04492580930968557,0.3503488919001336,0.0179067665104011,0.059639502150809716,1.051750522574668,0.7686674727833321,0.2677904338170251,0.21446346002736014,0.0071272,0.31438333333333335,0.03409000000000001,17.9,43.9,2.15
R2,202,18221,137,9922,-0.23152167247177854,-0.012289294307830023,0.0457311592001182,0.3535925808112978,0.016270637055732458,0.06203512604703608,1.1604011856910261,0.7197012025779576,0.27172354593672676,0.22102196916010888,0.00710592,0.31128,0.033824,18.7,48.7,1.97
R2,202,18354,138,10089,-0.21363366219894547,-0.01509001184424536,0.0437160317522978,0.35125005355627337,0.014593079922016255,0.06675453925727146,1.134454753513339,0.7691978959185383,0.2759705685707249,0.23040778611466872,0.00708464,0.30817666666666665,0.033558000000000004,18.2,44.8,2.11
R2,202,18487,139,9977,-0.1708434810189127,-0.013949467723231367,0.04369690644813727,0.3444906260045574,0.014750408487133448,0.06351038921310241,1.1313155929182264,0.7765314679214266,0.2635980214472654,0.2246933455955308,0.007063359999999999,0.3050733333333333,0.033292,18.1,46.0,2.08
R2,202,18620,140,9416,-0.20524366976200262,-0.015319257222069277,0.043844086029971634,0.34362624628675154,0.013898727793252429,0.06387541118421053,1.085154558901684,0.7734602091311734,0.26663341745424524,0.224131707477167,0.00704208,0.30197,0.033026,17.2,41.9,2.25
R2,202,18753,141,9544,-0.22701041388609566,-0.013845853328629955,0.05300709851559504,0.3516210363926024,0.013442880854685991,0.05963299301989731,1.199573031318667,0.7097331851102057,0.2629231072063913,0.2282785105652192,0.007020800000000001,0.29886666666666667,0.032760000000000004,17.3,41.2,2.27
R2,202,18886,142,9845,-0.14873537857418984,-0.015572725830110087,0.04422335160334504,0.34414314437180166,0.015961733893200238,0.06341980502136753,1.1732192063393607,0.7783444732305401,0.26187971101621293,0.2353857516181777,0.00699952,0.2957633333333334,0.03249400000000001,17.4,45.8,2.1
R2,202,19019,143,9450,-0.23507008888536163,-0.015510331364966332,0.05063034181899598,0.35388234373844013,0.013773281698431557,0.06631223993477282,1.1200628904161711,0.7155177180012519,0.2623658554271972,0.22936293959159107,0.00697824,0.29266000000000003,0.03222800000000001,18.7,37.8,2.35
R2,202,19152,144,9404,-0.2227262851998219,-0.013877380366478705,0.03802682844495747,0.3396095659167622,0.01525205350284437,0.060762856068029114,1.0918692595196562,0.8089242132354395,0.26012593286322744,0.2222339234551015,0.00695696,0.2895566666666667,0.031962000000000004,14.8,35.8,2.63
R2,202,19285,145,10111,-0.06082160963288814,-0.014253454093821737,0.047147375205687826,0.3292270446476549,0.016704058898140906,0.06213321536390339,1.1494152755011975,0.7803181972950027,0.2563366005731412,0.23839448052156068,0.00693568,0.28645333333333334,0.031696,15.1,38.3,2.49
R2,202,19418,146,10119,-0.18828242969295705,-0.015505518280326641,0.04667322414969482,0.350765352022091,0.018479365707126768,0.06837311181265984,1.2270337062705932,0.7515108947139439,0.2634366887317652,0.23098904516851443,0.0069144,0.28335000000000005,0.03143000000000001,15.8,36.8,2.53
R2,202,19551,147,9630,-0.13729903108686362,-0.014975990861484373,0.046700299818905465,0.341260107243661,0.013713535122939192,0.06545029637045512,1.1553845312230075,0.7569344773029105,0.25866228599231345,0.2362925478593378,0.006893120000000001,0.2802466666666667,0.031164000000000004,15.0,32.1,2.83
R2,202,19684,148,9235,-0.21637637225719136,-0.011809873513300288,0.04502495613918058,0.3517470578368127,0.015474689874855311,0.07009743983725762,1.536004496639119,0.7790187673003149,0.25394654064858563,0.2307481691834864,0.006871840000000001,0.2771433333333334,0.030898000000000005,14.5,33.9,2.75
R2,202,19817,149,9631,-0.2189634143577445,-0.016055982122858907,0.04498135972041855,0.34440736156697943,0.01630861456057102,0.06526639039711477,1.0728788332885864,0.7874982993796109,0.26325392285032406,0.23508876804432513,0.00685056,0.27404000000000006,0.030632000000000006,15.2,36.3,2.58
R2,202,19950,150,9743,-0.19401954428010407,-0.008554486781699327,0.04483956325433465,0.3432170525976701,0.013832942978416373,0.06649576822916667,1.2911709607820725,0.7758050042743784,0.26054792086907264,0.23581992371027605,0.00682928,0.27093666666666666,0.030366000000000004,14.1,39.0,2.5
R2,202,20083,151,9555,-0.24354648779473606,-0.015729866290117047,0.042023474443208295,0.336584165114745,0.01672510016048718,0.06813778734377425,1.100821930193908,0.7917191806122603,0.2541032426359876,0.2390678830771055,0.006808,0.2678333333333333,0.030100000000000005,14.9,34.4,2.7
R2,303,133,1,8791,-0.20999173547428976,-0.010312010852925444,0.06579301411873047,0.6345772506435424,0.005156847112904718,0.05332523896471903,0.7009226751123684,-0.030576599007063665,0.5581606253242798,0.004398637918233464,0.01,0.5,0.05,22.6,47.7,1.89
R2,303,266,2,8298,-0.29492164746644706,-0.012630396905716901,0.05334331980315503,0.596656693014874,0.0032654904639051498,0.03687309239733629,0.7431089215405273,0.0878942991266547,0.5462414793679657,0.01103251481554711,0.00997872,0.5,0.05,21.1,40.2,2.17
R2,303,399,3,8623,-0.3483091507249972,-0.010773411917046397,0.04874215261115337,0.5891503327914561,0.002852495009751366,0.031193354843387477,0.6755375578441873,0.18438311151660147,0.5296674210996839,0.01713024991045591,0.00995744,0.5,0.05,19.5,47.1,2.0
R2,303,532,4,8715,-0.3887497821959579,-0.023713582588680168,0.04935794001701061,0.5877444147322398,0.0027907840905238884,0.028579249526515152,0.9214611026972501,0.2752175906963098,0.524398582909772,0.02206930834544006,0.00993616,0.5,0.05,19.5,45.3,2.05
R2,303,665,5,8492,-0.4029208958045633,-0.012828526508718371,0.0498142511495552,0.5935041554834578,0.003118802481701435,0.033884803921568625,0.7017722697716569,0.24704547483508033,0.5257791432610254,0.026681193934841002,0.009914880000000001,0.5,0.05,19.5,48.5,1.95
R2,303,798,6,8322,-0.3814817835610976,-0.015154877619461398,0.050287217136675666,0.5649422983593663,0.002889472664034088,0.03188056773190045,0.7164403189752488,0.38748106336794985,0.5129544617150896,0.031134955069734332,0.0098936,0.5,0.05,19.2,46.1,2.04
R2,303,931,7,8365,-0.43512148679890955,-0.015281438795733989,0.04979702255626797,0.5819538696354433,0.0029487147674051384,0.032944291110591634,0.7270852808275573,0.3160750515126063,0.5036909988562752,0.03336532920892127,0.00987232,0.5,0.05,20.1,43.3,2.1
R2,303,1064,8,8734,-0.4353838149556864,-0.017554988545547982,0.04184692585769808,0.5717737280402643,0.003136626866800359,0.033722149884259256,0.8108534560848081,0.42230917844944293,0.5093780692101526,0.035964901707458294,0.00985104,0.5,0.05,22.7,44.4,1.98
R2,303,1197,9,9381,-0.3431774769788313,-0.010899610008854468,0.054187073777478056,0.5571734420858924,0.0032588517292942167,0.03147225752591707,0.7621835286796743,0.3915643021791758,0.5028085312982689,0.041459151285642266,0.00982976,0.5,0.05,20.3,49.4,1.91
R2,303,1330,10,8245,-0.4153154919583359,-0.012318069749421855,0.049693730982606425,0.5509667926663536,0.003386461197676732,0.032015208795782464,0.8168174060183612,0.3932032934128624,0.49264615249734073,0.04174511218223881,0.00980848,0.5,0.05,21.3,41.7,2.11
R2,303,1463,11,8540,-0.3806372894731825,-0.011807399035163941,0.04642506818122395,0.5502604878334183,0.0028577044485438023,0.02941770727687627,0.7838241975169732,0.5231014582828715,0.49391920991191407,0.0456957121621196,0.0097872,0.5,0.05,20.1,39.7,2.22
R2,303,1596,12,8829,-0.3640454767807728,-0.015172290218896196,0.04755522527683723,0.5560120924106321,0.0033010523058265733,0.033034071180555555,0.7841906362499691,0.540272898165079,0.48117274071247607,0.05067708629902281,0.00976592,0.5,0.05,21.2,41.8,2.11
R2,303,1729,13,8838,-0.326861265194679,-0.00941285057975975,0.053728302894125446,0.5408882090509562,0.0030143380030650405,0.031197366034411273,0.758755979403182,0.5113895522955614,0.4928654189146763,0.0515683605466761,0.00974464,0.5,0.05,21.1,42.7,2.08
R2,303,1862,14,8752,-0.3918978484746215,-0.01661223790030065,0.04922430594720633,0.5283685663831759,0.0031536388278542073,0.032000506365740734,0.7789950593453783,0.42800730137157417,0.48325838397878573,0.04894614642132275,0.00972336,0.5,0.05,23.2,39.4,2.12
R2,303,1995,15,9157,-0.30798249682782924,-0.01219259914979927,0.051914667104381355,0.5329574561850274,0.003684287098567401,0.03461688904602036,0.7824507296173787,0.5359039849684206,0.4819141699426116,0.058400349667629,0.00970208,0.5,0.05,21.2,50.0,1.87
R2,303,2128,16,8890,-0.3278880504482355,-0.012498212390192042,0.046907066217926875,0.5248826362166504,0.0035992692791310555,0.03643966547192354,0.7745769951247488,0.5932441395663605,0.4893699341234314,0.05245153221231655,0.0096808,0.5,0.05,21.9,49.7,1.86
R2,303,2261,17,8509,-0.3386074244726864,-0.012431487445894163,0.0497922380415194,0.5343614008886749,0.003772759407738688,0.0346300950141492,0.7901276048938024,0.5688279836662902,0.473287286174162,0.05695514933947513,0.00965952,0.5,0.05,20.2,41.3,2.16
R2,303,2394,18,8899,-0.32268447738971046,-0.011160412431355602,0.04944509219945355,0.544502713741651,0.003692840114329413,0.03447529936787749,0.7853895196709364,0.5819153488314482,0.4700102745163605,0.0589226347107061,0.00963824,0.5,0.05,21.5,42.9,2.07
R2,303,2527,19,8902,-0.3506317006979863,-0.012702685357405492,0.051171777650782006,0.5318290508702848,0.004357979736216818,0.03892933238636363,0.7958915550395497,0.5472458439774202,0.47021869942061073,0.05976018001299269,0.00961696,0.5,0.05,21.3,43.8,2.04
R2,303,2660,20,8467,-0.399514538868724,-0.012157855335225076,0.04688230609788608,0.5213659844035817,0.003783108451196309,0.03640186330213904,0.7769775957173752,0.5260222202956252,0.4683440122308697,0.06389260333471966,0.00959568,0.5,0.05,22.3,40.0,2.13
R2,303,2793,21,8202,-0.37668361289366115,-0.0006185165052573061,0.050215860410527544,0.5171875230661355,0.0037901837936545994,0.033438648897058824,0.9275446324325348,0.5432013206339753,0.4654906149591102,0.06507866107342915,0.0095744,0.5,0.05,17.7,42.4,2.21
R2,303,2926,22,8847,-0.41037132301652324,-0.011787035937510277,0.04663862316305059,0.5069589293252482,0.003932082362652287,0.035331151053807304,0.8218230609167541,0.550538132754216,0.46973359231489403,0.06646155528860141,0.00955312,0.5,0.05,20.8,41.5,2.13
R2,303,3059,23,9009,-0.40512192756666415,-0.011567618540959378,0.05291955064345302,0.5065097677741749,0.0033694371779120938,0.03330496143556467,0.7751582244726735,0.42651486987434173,0.46156763558133285,0.06441437627139239,0.00953184,0.5,0.05,21.0,42.4,2.1
R2,303,3192,24,8478,-0.4515521436619799,-0.012616958924092033,0.042028098837774565,0.5227273657540357,0.0036845882096674565,0.03366067526223776,0.7899487108460083,0.5298973259744244,0.4666346266479995,0.06783550767444324,0.00951056,0.5,0.05,20.4,46.8,1.98
R2,303,3325,25,9546,-0.38699013401803234,-0.012176079056586898,0.04525752959892647,0.5166250860904086,0.0036310050663460078,0.03538722961523127,0.8162066312065482,0.5812862154155605,0.45240409569116435,0.07201961345071585,0.009489280000000001,0.5,0.05,22.3,45.2,1.97
R2,303,3458,26,8690,-0.41196926382601035,-0.013345912976178704,0.043712884085008535,0.5081933625005947,0.004071543619951867,0.03765579320960312,0.8217021047880169,0.5938517425624048,0.44627502810339625,0.07331542872406072,0.009468,0.5,0.05,20.0,45.6,2.03
R2,303,3591,27,8786,-0.4001406796032744,-0.012638643845866757,0.04665249816229384,0.501870502883032,0.0037991582363057228,0.034537628091124664,0.8366464022616158,0.5846720361573483,0.4425119727521269,0.07241629801215524,0.00944672,0.5,0.05,19.9,37.3,2.33
R2,303,3724,28,9060,-0.35983659921563416,-0.012293312793350445,0.04488146616921366,0.5025103717490591,0.004237365931073819,0.038346537043539325,0.8518563245821213,0.62786706280009,0.44430942057297657,0.07539798654040898,0.00942544,0.5,0.05,22.5,42.1,2.06
R2,303,3857,29,8926,-0.4010906980117576,-0.013789349723984748,0.04479890280602508,0.5052640721046725,0.005052013295532631,0.040189848051176175,0.8478499329786044,0.6227912553115681,0.437506432506409,0.07532594347639018,0.00940416,0.5,0.05,21.2,50.6,1.85
R2,303,3990,30,9319,-0.3456239029978244,-0.014614089069296588,0.045590374481589445,0.49804230624765317,0.00486344255206372,0.04059246455033214,0.8808929761387967,0.6334294455875222,0.4481503612771082,0.08480973311148257,0.00938288,0.5,0.05,21.9,55.1,1.73
R2,303,4123,31,9050,-0.34468301730973455,-0.012494319873006005,0.04482804453988476,0.49197900034698505,0.00449647546828793,0.04087842330001606,0.8678311353113809,0.6685968068639914,0.43919651910408525,0.08292992329256269,0.0093616,0.5,0.05,21.7,42.3,2.08
R2,303,4256,32,9387,-0.32644488627239215,-0.013990519709548396,0.05075965007867776,0.5086375594355658,0.004204207411140932,0.03782488962950139,0.8780217439288328,0.6235065274383096,0.4376712050554074,0.08397785456887745,0.009340320000000001,0.5,0.05,24.9,49.5,1.79
R2,303,4389,33,9782,-0.22467855460138395,-0.011404449825038488,0.049972315723726554,0.47869727682961427,0.0048510430306269985,0.04126880787037037,0.9024196518076899,0.6642482998413914,0.4370724964945726,0.08826652600847655,0.00931904,0.5,0.05,23.2,50.2,1.81
R2,303,4522,34,8511,-0.2920543516218512,-0.013619148373481675,0.04590479456291846,0.4943497893258433,0.004559611191492379,0.04067959962198046,0.8639415329477689,0.6771876100100918,0.43061488647949214,0.09053937086155985,0.00929776,0.5,0.05,21.8,41.5,2.1
R2,303,4655,35,9227,-0.2760189199653331,-0.006873533195499768,0.04732288411999558,0.48022471504580994,0.006635341971680409,0.04632597562799043,0.9829948057426148,0.6662223846719255,0.4296114408877707,0.08616658055698517,0.00927648,0.5,0.05,21.9,44.0,2.02
R2,303,4788,36,9471,-0.2632470622858147,-0.013428422100551273,0.04711659783845311,0.476317970100479,0.00459568234229896,0.040818296891124865,0.8379620894266434,0.6882812789884164,0.43156109093444595,0.08900831956096887,0.0092552,0.5,0.05,22.3,46.5,1.93
R2,303,4921,37,8928,-0.26355363820144434,-0.011657458468721186,0.054338896660587416,0.4799491744652179,0.00460811229906715,0.03795030381944445,0.8697614451711547,0.6152104269245342,0.42646429327831803,0.09431475382045718,0.00923392,0.5,0.05,22.6,40.4,2.11
R2,303,5054,38,9108,-0.3010226754167503,-0.012110460198797992,0.05195546624955521,0.4787770788406418,0.004448584793643806,0.034056139988998896,0.848112102562122,0.5913144236275578,0.42540905471865664,0.09314196160275212,0.009212640000000001,0.5,0.05,21.9,45.8,1.96
R2,303,5187,39,9614,-0.26699107210306383,-0.01450015971751912,0.04014491228198894,0.48876306868528924,0.005522763738576314,0.042327695219518645,0.8532412794537063,0.7236494397906081,0.42362891030869443,0.10127243986807942,0.00919136,0.5,0.05,17.3,43.8,2.18
R2,303,5320,40,9279,-0.24408304156755173,-0.015131079543021059,0.04905174512081296,0.48647433859343825,0.0046915396473818215,0.04185145480889724,0.939396161734061,0.6669886193744718,0.42108332371288965,0.09739244767979478,0.00917008,0.5,0.05,16.9,37.0,2.47
R2,303,5453,41,9354,-0.28895759491981937,-0.013048986477191007,0.051197532407442826,0.485415153171044,0.004235154884074251,0.03722408943554539,0.9165421930052569,0.6327545516865971,0.4214309236822928,0.10048920123840319,0.0091488,0.5,0.05,17.6,36.0,2.48
R2,303,5586,42,9973,-0.30730150787550375,-0.012945733211314111,0.04756746682581549,0.4828846900954108,0.005839642059244786,0.04409717793367347,0.9268394010546908,0.6315460152639536,0.4143338231815207,0.09906558396004109,0.00912752,0.5,0.05,17.3,45.7,2.11
R2,303,5719,43,9705,-0.2506295992013386,-0.014420947091573945,0.0442873917427798,0.4719203508865557,0.005134684458237707,0.043061508196776455,0.9003338376540923,0.730030177478967,0.41414310580957947,0.10655317457707662,0.00910624,0.5,0.05,17.3,44.9,2.14
R2,303,5852,44,8844,-0.2701575008916009,-0.011556562322312712,0.05046212328579477,0.4722221339651229,0.005406176607497469,0.04271608382936508,0.8955806353667367,0.6811646111921225,0.4024440564422369,0.10193223281112698,0.00908496,0.5,0.05,16.2,34.7,2.61
R2,303,5985,45,9541,-0.2498923848227205,-0.013933284823647654,0.05161519780467829,0.4767878245370845,0.005183863834667413,0.0427913872722672,0.9041334486440727,0.6447061896019377,0.4112355633858973,0.10489426803708675,0.009063680000000001,0.5,0.05,17.9,35.3,2.5
R2,303,6118,46,9636,-0.2553800568256711,-0.013776201651595862,0.04563203694052955,0.4703355497654045,0.004608555873368108,0.0407640194235589,0.8813662836016524,0.6749318754221572,0.4063372691315734,0.10428432698989394,0.0090424,0.5,0.05,17.2,36.7,2.47
R2,303,6251,47,9297,-0.29689914833081554,-0.01667402811604117,0.04796224924243928,0.4805726600053959,0.005310803635822759,0.0435201683317089,0.9345559166952491,0.6695850376921164,0.40775626053710307,0.1122894192698968,0.00902112,0.5,0.05,17.6,36.9,2.44
R2,303,6384,48,9746,-0.2348904504128993,-0.017982887860766905,0.050049813205625335,0.4720748234622242,0.005703869904918542,0.04840223524305555,1.1185011764887283,0.6881529109566022,0.41250840970640523,0.10584715578618893,0.00899984,0.5,0.05,18.4,43.3,2.16
R2,303,6517,49,9264,-0.21070890269272477,-0.012064477853972366,0.05104217201342329,0.46179621368206947,0.00680796895874747,0.045144599780701754,0.964335244242438,0.7000571338637087,0.3885316518998515,0.11284252687494538,0.00897856,0.5,0.05,17.6,33.1,2.62
R2,303,6650,50,9659,-0.18033853759996107,-0.013267387175364395,0.05244920634975356,0.4594893506037147,0.005756301037643864,0.04383329264806344,0.919859116235924,0.6831592230425821,0.4058954320452233,0.11254693207756354,0.00895728,0.5,0.05,17.5,42.4,2.22
R2,303,6783,51,9395,-0.26805619066870556,-0.013725358226676084,0.045324831722916334,0.4687894912551192,0.005181996176460685,0.04476753735114672,0.9223128801052516,0.698234586682694,0.40378410430504885,0.11694702180648445,0.008936,0.5,0.05,16.8,31.5,2.75
R2,303,6916,52,9904,-0.2538396190658279,-0.013114868991081784,0.05061857977398008,0.46600495386090224,0.005469876869446128,0.045740855823863634,0.9818499010581381,0.6488872539087306,0.39952264523173325,0.11659029858116905,0.008914720000000001,0.5,0.05,18.2,45.1,2.1
R2,303,7049,53,9315,-0.20863191670266726,-0.017430537178578377,0.046893813359864,0.45686907416889655,0.0061066295609481505,0.04508723127658161,0.9513844955975039,0.7295387415003651,0.4061631829019998,0.12093417968857297,0.00889344,0.5,0.05,17.5,31.4,2.72
R2,303,7182,54,9283,-0.2004907207259844,-0.015267919769579355,0.05141320345706884,0.4682679423956604,0.005469565598180273,0.0452206739738806,0.955013611765209,0.7168179598608619,0.40319279179053574,0.12368466897842571,0.00887216,0.5,0.05,18.0,32.2,2.65
R2,303,7315,55,9637,-0.21808376293724932,-0.013230788633917061,0.05230514672920957,0.4645892419328474,0.005587922843720372,0.04714364930381923,0.9429415743479312,0.6710307298982452,0.39543235094827445,0.11932261561318808,0.00885088,0.5,0.05,17.2,36.8,2.46
R2,303,7448,56,9386,-0.30857639930176745,-0.01191536399081672,0.048749163530340055,0.445035972347608,0.005413667462521849,0.044082273123065015,0.9379090511373432,0.6331032322093675,0.3877924833538559,0.11372170745966524,0.0088296,0.5,0.05,17.5,38.9,2.36
R2,303,7581,57,9061,-0.28139805464875867,-0.014401157073923941,0.051489240522886635,0.4437477698027611,0.005547322997994546,0.042307298353369126,0.9116988621736994,0.6404229812149389,0.3848373922174383,0.1214539741078702,0.00880832,0.5,0.05,16.7,29.6,2.87
R2,303,7714,58,9531,-0.23342230785743764,-0.013370727161469186,0.04978011158742282,0.4556283917250635,0.006787767678009047,0.04494186312134503,0.9387316689250497,0.6833162274292199,0.3931446527335013,0.12413054379331971,0.00878704,0.5,0.05,17.3,38.9,2.37
R2,303,7847,59,9640,-0.1912649322000138,-0.013474792662303746,0.050170961603650664,0.44889809904234046,0.006150725428064844,0.042646785004965236,1.012884080488754,0.6911919603579401,0.3842690732907496,0.12621504476686712,0.008765760000000001,0.5,0.05,17.3,37.8,2.41
R2,303,7980,60,10253,-0.16780085035621378,-0.01480197433892673,0.047118102812987124,0.45383415524134657,0.0061608451279208986,0.04474480597527472,1.1600333787794201,0.7054268220620483,0.37585409552971505,0.1291098992191934,0.00874448,0.5,0.05,17.6,41.6,2.25
R2,303,8113,61,9145,-0.23270478406827244,-0.01316246036291216,0.050831871176835214,0.45142537014301864,0.006739753363740224,0.04496044294453892,0.9970771659821158,0.6621120351832022,0.3816080429464349,0.1261442688285585,0.0087232,0.5,0.05,18.1,37.4,2.4
R2,303,8246,62,9881,-0.12774976383743375,-0.011729158423309982,0.04946401623692097,0.4506702682111601,0.006062654850333235,0.04637475107230392,0.9780382046822297,0.6864516568159224,0.3807410910381448,0.1267228577760508,0.00870192,0.5,0.05,17.7,43.1,2.19
R2,303,8379,63,10251,-0.11072397907552453,-0.018345394726135594,0.050355352064673155,0.43554517867942383,0.006341652729938888,0.049236082927489176,1.0736721072762436,0.7153022876424033,0.3752633163379683,0.129635521187204,0.00868064,0.5,0.05,17.8,52.1,1.9
R2,303,8512,64,9626,-0.2602827804799176,-0.013523548154689249,0.05229384458891873,0.44797877277993264,0.005952935668110313,0.044271125842426186,0.9618541532838802,0.6047262865459537,0.36741053416580843,0.1353569069343804,0.00865936,0.5,0.05,18.0,37.9,2.38
R2,303,8645,65,9920,-0.18824099075925063,-0.015156337098580053,0.049167156081711495,0.43964349371908984,0.0068692240180401876,0.0491943359375,1.0098330395139026,0.6746237393254376,0.37121228825768526,0.14184221787488377,0.00863808,0.5,0.05,18.2,37.3,2.4
R2,303,8778,66,9110,-0.24495504474919697,-0.015308218733278867,0.047631503810497425,0.4322525107602329,0.007577954725735113,0.05007635574883689,0.9233669893963198,0.6801558533207361,0.36883558870943617,0.13345489949665323,0.0086168,0.5,0.05,17.3,38.3,2.39
R2,303,8911,67,9939,-0.19667235246306816,-0.012349622198888957,0.04543342301454897,0.4434913342369686,0.006588712280792733,0.04835858819609005,0.9602850400912747,0.7439572867303039,0.37350593910118635,0.1385631377799825,0.00859552,0.5,0.05,18.4,42.1,2.2
R2,303,9044,68,9494,-0.23116613654389392,-0.014586277781547726,0.04757705246341929,0.4316938442608549,0.006743982595855793,0.049490198137542595,1.019946312152342,0.6933416606844077,0.3676631724392184,0.14667399767998635,0.00857424,0.5,0.05,17.6,38.1,2.39
R2,303,9177,69,9811,-0.28026179442285093,-0.017797407992510707,0.04443966925573624,0.42390261966977655,0.007449918279244741,0.04662379988704819,1.008790654525038,0.6889133367882845,0.3554493261431498,0.13696192975791388,0.00855296,0.5,0.05,18.3,40.4,2.27
R2,303,9310,70,9423,-0.22978024253922436,-0.01705569947188664,0.050866731698570936,0.4395079105192505,0.007272804073866932,0.049968068665776764,1.050018129155763,0.6767722851579863,0.3608561916964841,0.14117634351496597,0.00853168,0.5,0.05,17.1,35.6,2.52
R2,303,9443,71,10081,-0.1877720073380948,-0.015255749755676465,0.04861679862391435,0.4498401739841624,0.006808271922369264,0.05181715319582153,1.0557104688635723,0.7171425705928762,0.36166923130792206,0.15154347774013704,0.0085104,0.5,0.05,18.0,39.5,2.31
R2,303,9576,72,9808,-0.1516732824721732,-0.013910023444670716,0.05039578701883722,0.42518154431753497,0.007286551083769686,0.048808593750000004,1.0063759020109007,0.6961161088600831,0.3561039119805994,0.14763012813388388,0.00848912,0.5,0.05,17.4,41.4,2.26
R2,303,9709,73,9586,-0.2068682031590348,-0.013884107605759323,0.049657558369859855,0.42987944902259256,0.008063950824907459,0.04779669163406828,1.0455250958498616,0.6961017075626528,0.36094397336760303,0.14593920668522142,0.00846784,0.5,0.05,17.3,33.8,2.6
R2,303,9842,74,10270,-0.1174279018377828,-0.016097444750116013,0.04722341432664212,0.411978083218177,0.007066862705015124,0.04992714533730158,1.0703694690039118,0.7400506519956049,0.35290929250571645,0.1483696658400678,0.00844656,0.5,0.05,17.9,40.5,2.27
R2,303,9975,75,9746,-0.09649123825131581,-0.023777046760832497,0.05191443604395196,0.4156284842241966,0.007499644183171117,0.049845377604166664,1.2080694818260624,0.7020438959642968,0.35419760602684747,0.1549895261284157,0.00842528,0.5,0.05,16.8,33.7,2.63
R2,303,10108,76,9468,-0.25392669065254214,-0.015241174274420092,0.048077713884044825,0.42009220500536876,0.008112067794521186,0.05107740053258145,1.0165037757430058,0.6630522675095879,0.34562949831943574,0.14897479260213195,0.008404,0.5,0.05,17.9,36.9,2.43
R2,303,10241,77,10134,-0.15808951357661324,-0.012478916663248855,0.05109062254384543,0.40961816516504007,0.008467214140508477,0.04651768877001232,0.981874566798172,0.6719621012315689,0.34992214561040236,0.14788520629100285,0.00838272,0.49748000000000003,0.049784,18.4,48.1,2.0
R2,303,10374,78,9570,-0.15636878605196064,-0.01366178237567344,0.047091588567481996,0.42185978003673397,0.008632350089206183,0.04979989615856378,1.006177800606726,0.7309262922535933,0.344139059648795,0.1557178625580721,0.00836144,0.4943766666666667,0.049518000000000006,17.4,31.9,2.69
R2,303,10507,79,9571,-0.1860022818909303,-0.013415286232010886,0.045765856307828714,0.42685123904869543,0.007625793356689061,0.047512914659006665,1.0263733559108534,0.7620529698601528,0.3469063723328211,0.153242204625047,0.00834016,0.49127333333333334,0.049252000000000004,17.6,40.3,2.3
R2,303,10640,80,10113,-0.1599050313047167,-0.014900527016612142,0.04833770706760611,0.41922701681394486,0.008345279991934941,0.049432135247564936,1.0131226807578937,0.7355998967876196,0.34378634929197627,0.15804717472667687,0.00831888,0.48817,0.048986,18.5,41.7,2.21
R2,303,10773,81,9422,-0.16311335219685516,-0.014677899233916469,0.050630465507453086,0.4086469331968809,0.008396269286606545,0.04976252115802248,1.0722449785315407,0.707693112594292,0.34632689432342983,0.15527572246635593,0.0082976,0.4850666666666667,0.048720000000000006,16.9,40.1,2.33
R2,303,10906,82,9757,-0.23863230023097068,-0.014211294961930387,0.047058687057990226,0.42288852026921264,0.009359951294396585,0.05234880118534483,1.1859388801554662,0.675804016713552,0.3463936533156356,0.15669755307457503,0.00827632,0.48196333333333335,0.048454000000000004,17.8,41.7,2.23
R2,303,11039,83,9293,-0.2775183706315457,-0.015858261901116857,0.048488051501546565,0.4155053375268068,0.00765072360633644,0.04901168937969925,0.9932502070236299,0.7097775275998043,0.3413136671533418,0.15612564579635782,0.00825504,0.47886,0.048188,17.1,34.3,2.59
R2,303,11172,84,9216,-0.24893099151026485,-0.013621822371723217,0.04820136853482193,0.4175326149273231,0.0074101921874124305,0.048909505208333336,1.008920990372298,0.7138090005033987,0.3267016644110843,0.16194083978714582,0.00823376,0.47575666666666666,0.047922000000000006,17.4,39.2,2.35
R2,303,11305,85,9104,-0.27913831865304073,-0.014626132368610108,0.05304185159682567,0.4131318910532716,0.00777940071557496,0.05134006076388889,1.0478540834603334,0.648806673629357,0.33314939846308,0.16180148112910694,0.00821248,0.47265333333333337,0.047656000000000004,17.6,36.5,2.46
R2,303,11438,86,9757,-0.1849683289332758,-0.009696955010886691,0.049245222899599025,0.39992907161259283,0.00841280478652431,0.05387173356681034,1.2364121227178246,0.7009452387077102,0.3321563579679162,0.16737920184827687,0.008191200000000001,0.46955,0.04739,17.6,39.9,2.31
R2,303,11571,87,9504,-0.22566818397235772,-0.01544317654414354,0.04618423979063713,0.39967886546256415,0.009125779753511564,0.05274579678362573,1.0892147268138945,0.7183589115433346,0.3344730365755619,0.16982022353808257,0.00816992,0.4664466666666667,0.047124000000000006,17.7,38.0,2.39
R2,303,11704,88,9779,-0.2378580632338807,-0.015953093805101334,0.04155420530142762,0.4103247915950522,0.0068971863519703275,0.05142750459558824,1.0760951386311444,0.7669922525745146,0.3332472274099735,0.16379377678486237,0.00814864,0.4633433333333334,0.046858000000000004,17.7,35.9,2.48
R2,303,11837,89,9148,-0.16331134159058489,-0.01411351915386697,0.04279891478556929,0.3924682635992089,0.00898704271684577,0.04996133829141642,1.0534945186993856,0.7831241084485269,0.32625208301334535,0.16542595234132895,0.00812736,0.46024,0.046592,16.4,37.5,2.47
R2,303,11970,90,9037,-0.278383502681503,-0.014431614202569129,0.046957919588097995,0.40200222793633006,0.009136429667556274,0.0562083893789623,1.0725262211872946,0.7183107002790237,0.3287446521811784,0.17631842913557216,0.00810608,0.4571366666666667,0.046326000000000006,17.2,34.4,2.58
R2,303,12103,91,10161,-0.17918939446584922,-0.014580795972423571,0.04576013908852591,0.4042563123834707,0.00967680567026329,0.054680282909930725,1.0319703613723674,0.7531725318652773,0.32456828539521976,0.17366945793190205,0.0080848,0.45403333333333334,0.046060000000000004,17.6,37.6,2.41
R2,303,12236,92,9432,-0.21129922242751892,-0.015590578346025154,0.05015117318788368,0.3906024589088662,0.009372310016598837,0.05720314784356725,1.0699987215450797,0.7293047957096129,0.3224348743931487,0.17037862911353904,0.008063520000000001,0.45093,0.045794,16.2,32.1,2.75
R2,303,12369,93,9142,-0.1943255674572229,-0.013938037714139056,0.050916856359382125,0.4049600850858172,0.007930255582819096,0.05138472697869102,1.0398471853759483,0.7107218028323723,0.322026066305701,0.17069513717421278,0.00804224,0.4478266666666667,0.045528000000000006,17.0,38.9,2.38
R2,303,12502,94,9530,-0.2003042974797143,-0.015024407898977401,0.053892858359256064,0.40032165043796003,0.008847510432244915,0.05417433817675159,0.9702533393717122,0.6916627446502217,0.3199871306414104,0.1800520593994932,0.00802096,0.44472333333333336,0.045262000000000004,17.4,35.5,2.51
R2,303,12635,95,9625,-0.24748689507103133,-0.01359012473176212,0.04692551293023794,0.399953727452353,0.008778107269871214,0.05201304328593489,1.0418119800972259,0.7005913345676216,0.3161044844971035,0.17786341154471755,0.00799968,0.44162,0.04499600000000001,17.4,38.6,2.37
R2,303,12768,96,9203,-0.23117949807495072,-0.014719892374752026,0.051659414778810045,0.37880744023469237,0.009824824537000764,0.05049715316048764,1.0268389733534942,0.6575883752547583,0.31265470391071726,0.17856479979996523,0.0079784,0.4385166666666667,0.044730000000000006,17.3,37.5,2.43
R2,303,12901,97,9759,-0.1928790839638163,-0.017076072003542338,0.04944437406414215,0.405963893524361,0.010187572532003971,0.05393302671370968,1.1259973775924932,0.7114513909140204,0.3234816037747585,0.18026573543354085,0.00795712,0.4354133333333334,0.044464000000000004,17.6,33.1,2.63
R2,303,13034,98,8710,-0.334251107463818,2.0274317878186646e-05,0.044208007174657754,0.3935274151620803,0.00989816159189034,0.05782515914351852,1.44826214466992,0.7237636847986815,0.3154148009483629,0.18026730814435687,0.00793584,0.43230999999999997,0.044198,17.0,35.5,2.53
R2,303,13167,99,9757,-0.2565398308929665,-0.006575204123203382,0.0461132640457244,0.3785584536925669,0.008932394546849843,0.05998282596982759,1.094073287340693,0.723592254566527,0.3134700524361058,0.1810811145436758,0.007914560000000001,0.4292066666666666,0.043932,17.9,37.2,2.41
R2,303,13300,100,9271,-0.25138190829275636,-0.010117810347291778,0.046366929647399795,0.3773898669536916,0.009574466733890745,0.05371140475478469,1.1096782132498415,0.7361591812873027,0.32223219034796186,0.18505388071015827,0.007893279999999999,0.42610333333333333,0.043666,18.0,40.7,2.27
R2,303,13433,101,9418,-0.27471547277190256,-0.014385312037307564,0.04467177283973669,0.4020188566483403,0.010421924558756863,0.05810394207595101,1.0302104448312788,0.7373309487430252,0.3098209996272775,0.19199065572413265,0.007872,0.423,0.0434,17.9,37.3,2.41
R2,303,13566,102,9409,-0.2623115591813253,-0.01304235222288439,0.04889340928830386,0.38309547647318315,0.012942163028681378,0.05456406484353696,1.0782524407745593,0.7168984930995437,0.3094985351572362,0.18486095172773243,0.00785072,0.4198966666666667,0.043134000000000006,19.0,39.5,2.27
R2,303,13699,103,10156,-0.12511455922299267,-0.014620236124930583,0.05052422626753013,0.38602977358700874,0.010275729464228469,0.05515182352511683,1.118282812957211,0.7503968955294986,0.3155244764614963,0.1911500475648522,0.00782944,0.41679333333333335,0.042868,17.2,30.6,2.78
R2,303,13832,104,9699,-0.20696802335341105,-0.015488363110472268,0.051189817616085945,0.396848640815161,0.011537761800258306,0.05602757317887108,1.1219704440275071,0.7088085177593527,0.3110033127699639,0.1944146351592603,0.00780816,0.41369,0.042602,17.9,39.6,2.31
R2,303,13965,105,9454,-0.22718474800703437,-0.013867277413290122,0.04748528503618412,0.3760529605512694,0.010552267965515604,0.05585065029301193,1.0352750079545594,0.7118578124062462,0.29798264178569067,0.18729223635047376,0.00778688,0.41058666666666666,0.042336000000000006,17.4,37.6,2.42
R2,303,14098,106,9743,-0.12504343155458367,-0.014820053917371023,0.04689175948822904,0.38227747357528474,0.012534221096062895,0.05369303385416666,1.213696628406918,0.7595725934824631,0.304615669246878,0.1915542953570928,0.0077656,0.40748333333333336,0.04207,17.4,39.0,2.36
R2,303,14231,107,9059,-0.26351246988819843,-0.014363167156991818,0.03889840110307588,0.37765450059294303,0.00992052880498378,0.05333781115512519,1.1237040443674957,0.7842040456809813,0.29450544833490355,0.1872698918495998,0.007744320000000001,0.40438,0.04180400000000001,17.2,35.3,2.53
R2,303,14364,108,10047,-0.16671134095366152,-0.014797641220288349,0.05114186735339069,0.37086215880568435,0.0100796355427011,0.055003199084051733,1.0727818555162731,0.7133614951614161,0.296449045426704,0.1941647084367897,0.0077230400000000005,0.4012766666666667,0.041538000000000005,18.2,42.5,2.19
R2,303,14497,109,9331,-0.24237700785501115,-0.011972381241906601,0.04711591367359049,0.38483608762823834,0.012169954009782893,0.058246031178489706,1.1455897833488051,0.7299714692294913,0.3024050960254437,0.19703759598842124,0.00770176,0.3981733333333334,0.041272,16.3,34.5,2.62
R2,303,14630,110,10089,-0.15592705970422074,-0.014607853643034163,0.048639737345284574,0.3777332566387176,0.009375046577292948,0.05932421063452216,1.0672653368241563,0.7075814148644023,0.29548180478030445,0.20241951761222438,0.00768048,0.39507000000000003,0.04100600000000001,17.9,41.2,2.25
R2,303,14763,111,9558,-0.2853789352272817,-0.015883326890124935,0.045914849673798774,0.38590132243878844,0.009658559784935244,0.06146587772199138,1.0202552431573333,0.7040800673885701,0.29730212677431794,0.2054225809072659,0.0076592,0.3919666666666667,0.04074,17.7,36.1,2.47
R2,303,14896,112,9951,-0.13413761136392183,-0.014271448233167311,0.043981471907223305,0.36799789649775083,0.010853453799590181,0.05977788677130045,1.0945285120557362,0.7579999676758614,0.2935154783908713,0.20087343439261685,0.007637919999999999,0.38886333333333334,0.040474,17.3,45.7,2.11
R2,303,15029,113,9045,-0.2742333878754291,-0.01505629769041297,0.04704724628976988,0.37498417389846306,0.014000089119926389,0.06014347418234767,1.0385387507848296,0.7229137501729406,0.29058676429293073,0.20073563024934865,0.00761664,0.38576,0.040208,17.2,36.7,2.47
R2,303,15162,114,10155,-0.2315519590052308,-0.014104406399006675,0.045518108576521055,0.37144914753863106,0.011377235053209454,0.056482019357435596,1.0655272851775668,0.7378760329953181,0.2942458315281673,0.21194490799989946,0.007595360000000001,0.38265666666666664,0.039942000000000005,18.6,45.6,2.07
R2,303,15295,115,9478,-0.2898073308533887,-0.01620449126471543,0.04760595279947944,0.3846392516797631,0.012447979576182683,0.06023554420701085,1.153183856979055,0.7057733436910482,0.2889081780790037,0.20813919905465142,0.00757408,0.3795533333333333,0.039676,18.4,42.2,2.19
R2,303,15428,116,9588,-0.19721332154052099,-0.01594554815722921,0.04508315040913248,0.36364072233045236,0.01136645255845882,0.06161656188101301,1.1289825797520117,0.7549728393854246,0.29103511733361254,0.20736691319227712,0.0075528,0.37645,0.03941,18.1,39.3,2.32
R2,303,15561,117,10002,-0.25588286505939684,-0.014483047457143253,0.04547996365304061,0.3820006985680743,0.010857076504066709,0.05902322365419708,1.1271413046934071,0.7370133428641359,0.28409426040046365,0.2164992080177824,0.00753152,0.3733466666666667,0.039144000000000005,18.5,41.1,2.23
R2,303,15694,118,9580,-0.23367358630247126,-0.015146233886461288,0.045594342391247725,0.3716203625474229,0.012124825111940211,0.05929891962478311,1.135353352874108,0.7206605698542141,0.28012663232943114,0.20444659978256008,0.00751024,0.37024333333333337,0.038878,17.0,42.5,2.23
R2,303,15827,119,9315,-0.32839897484684993,-0.014159401415106222,0.0461106811761727,0.3817096865488147,0.01223354637254089,0.06334754826222753,1.1741616128018189,0.6969560576329157,0.28947754681756915,0.2183012330533501,0.00748896,0.36714,0.03861200000000001,17.7,40.0,2.3
R2,303,15960,120,10180,-0.20340245686573374,-0.015081040794056245,0.042813213510625295,0.36959306397155095,0.013757280969469942,0.06091481436670354,1.0852980869368358,0.7640642140633117,0.2785673794033265,0.21967603715657255,0.007467680000000001,0.3640366666666667,0.038346000000000005,17.3,36.8,2.46
R2,303,16093,121,9597,-0.17238295437737605,-0.014822062068926164,0.04832770872628177,0.36824902186544,0.01192544432820696,0.06066113780390938,1.0875609060555484,0.7414254092581608,0.28239241861726433,0.2164862434679265,0.007446400000000001,0.3609333333333334,0.03808,16.9,37.0,2.47
R2,303,16226,122,9173,-0.2696309181052021,-0.01538610906907028,0.04562136532085138,0.3698009841709302,0.011917805811311789,0.060014115157101394,1.0940056294607738,0.7237447448129404,0.2730639000432265,0.21459753442415275,0.00742512,0.35783000000000004,0.03781400000000001,17.5,29.8,2.81
R2,303,16359,123,9319,-0.23156064393293396,-0.014838078063586233,0.048227649346457215,0.3668423573517597,0.013951382354066484,0.0607579562148697,1.1201867469651325,0.7342729322149515,0.2831773020591538,0.2228251508202673,0.00740384,0.35472666666666675,0.037548000000000005,16.6,40.0,2.35
R2,303,16492,124,9610,-0.2109049241600406,-0.015786238290467575,0.04524137552787483,0.35572562293767823,0.014099663832113939,0.06167110898677532,1.1539160520247915,0.7607049742946168,0.2777417125147021,0.22371106539755606,0.00738256,0.3516233333333333,0.037282,19.4,39.8,2.25
R2,303,16625,125,9722,-0.20660530050463394,-0.015208326674769247,0.04391360041019758,0.36441982402143097,0.013314316521951522,0.05994340528786144,1.1998913001179143,0.7556148168943024,0.27870264048897253,0.2175550587354617,0.0073612799999999996,0.34852,0.037016,16.9,41.8,2.26
R2,303,16758,126,10190,-0.18639710375100582,-0.014515492307948541,0.05196256960684724,0.3594000798490343,0.012968532027390242,0.057944082284902595,1.1492590257284179,0.7030432655731246,0.2791805364675324,0.21423515462412795,0.00734,0.34541666666666665,0.036750000000000005,18.5,38.6,2.33
R2,303,16891,127,8989,-0.24531388651453515,-0.014673041764188247,0.046161043884780345,0.34761000999557123,0.016101185188149025,0.06186847054702729,1.12297799116873,0.7493232054976746,0.28121876607731555,0.22691323893525053,0.00731872,0.34231333333333336,0.036484,17.7,35.0,2.52
R2,303,17024,128,9348,-0.256845845904578,-0.01689894135292748,0.044070458330627185,0.35682051723111186,0.01297358125547927,0.05924868545653909,1.1807163988849105,0.7481254490605507,0.27362006143166234,0.22426928030491475,0.0072974400000000005,0.33921,0.036218,16.6,34.6,2.6
R2,303,17157,129,9497,-0.24184180625802335,-0.015085044497492765,0.043027325321256325,0.346326237300798,0.013380215105424052,0.0628326238820472,1.0339616439541672,0.7512209574237297,0.27188435840408337,0.2210546012484758,0.00727616,0.33610666666666666,0.035952000000000005,17.8,37.9,2.39
R2,303,17290,130,9675,-0.18365476095386132,-0.013938398175236719,0.05067058177886461,0.34695442855121106,0.012605996965146544,0.05716770672084622,1.1001482809005023,0.7169031505583572,0.2705685464546869,0.21962618976776652,0.00725488,0.3330033333333333,0.035686,16.0,41.8,2.3
R2,303,17423,131,9623,-0.24494157772844005,-0.014905045610362816,0.05031117410766414,0.3540265430641993,0.011954633025876186,0.06148258427760894,1.0518803953315976,0.7213977238654921,0.2776014718691435,0.23322433868227624,0.0072336,0.3299,0.03542000000000001,16.7,39.3,2.37
R2,303,17556,132,9858,-0.13707902834972355,-0.020090322357630436,0.04323896037683113,0.37136839351117007,0.014483976390449568,0.06662823016826923,1.1506887558117147,0.7921911077605239,0.2720605780627654,0.23574484351629477,0.00721232,0.3267966666666667,0.035154000000000005,17.5,36.4,2.46
R2,303,17689,133,9639,-0.26032368242559606,-0.014714467024498176,0.04614290645443046,0.3473183081175517,0.01346813048213813,0.06549554501835263,1.1018392651150783,0.7343857849042652,0.2722616809076803,0.23170903577780813,0.00719104,0.3236933333333334,0.034888,17.5,42.6,2.21
R2,303,17822,134,8846,-0.3589148910012013,-0.012923960115645644,0.043046472632077594,0.35222602644749823,0.014773087734974667,0.06375317879499216,1.1100424088591747,0.7202450412846406,0.2668038827199972,0.22432204530124544,0.007169760000000001,0.32059000000000004,0.03462200000000001,16.8,33.7,2.63
R2,303,17955,135,8974,-0.2921646476495117,-0.015244397347042922,0.04756975060185645,0.34829897063234694,0.012262218252864896,0.060200255594135804,1.0756156429032673,0.73022654040123,0.26804437308202367,0.22652987711189207,0.0071484800000000005,0.3174866666666667,0.03435600000000001,17.0,33.5,2.63
R2,303,18088,136,9035,-0.2812967276769262,-0.016170249774180807,0.04310702766788197,0.3597335505510924,0.01458154978848823,0.06383207845543806,1.086844272780179,0.7656459647379551,0.26995967112186153,0.22607719945500981,0.0071272,0.31438333333333335,0.03409000000000001,16.3,36.7,2.51
R2,303,18221,137,9462,-0.3190327949801673,-0.01591402352574382,0.043698701819070686,0.35861573087590454,0.011173984750675233,0.060196490893774074,1.095845265125394,0.7389057733975268,0.2625252840545767,0.22796323939955235,0.00710592,0.31128,0.033824,16.8,33.8,2.63
R2,303,18354,138,9121,-0.31189235857401504,-0.01593999202960982,0.04333887098342867,0.35541589101405574,0.012855684864344932,0.06316021401628696,1.0779191867818123,0.7696603616587749,0.26625356161962277,0.24008124172573042,0.00708464,0.30817666666666665,0.033558000000000004,17.2,36.5,2.47
R2,303,18487,139,9235,-0.18080053640556873,-0.012646254117151434,0.04938250092579865,0.34966362791979894,0.011862629673143258,0.0637024432998615,1.2611954968985888,0.7433396225137325,0.26915201360095636,0.2403378031609947,0.007063359999999999,0.3050733333333333,0.033292,16.5,33.8,2.65
R2,303,18620,140,9399,-0.2431803010594367,-0.017180777947052965,0.04912386108077902,0.3570313155457914,0.012872027801234535,0.06367443085813922,1.1337400662549175,0.7196071624440612,0.25579983999212097,0.24532657988116185,0.00704208,0.30197,0.033026,16.4,35.0,2.59
R2,303,18753,141,9938,-0.25254359525395625,-0.012986142690013908,0.04357432590095552,0.3395195438736445,0.013242660990916661,0.06286249069940476,1.1220792656372982,0.7470760455307628,0.2699260800103386,0.2402937892389548,0.007020800000000001,0.29886666666666667,0.032760000000000004,18.0,35.1,2.5
R2,303,18886,142,9881,-0.27800515330332903,-0.01478772722347621,0.046508051272404156,0.3570626737300078,0.018755125344110467,0.066726664624183,1.1922298646280585,0.7094856288301133,0.2609730026348751,0.2400535369063733,0.00699952,0.2957633333333334,0.03249400000000001,17.9,36.9,2.42
R2,303,19019,143,9811,-0.30314246425165975,-0.01719098176867597,0.038498538588149625,0.3543244964445441,0.01647623569998706,0.06764048381024097,1.2361402576571867,0.7619032656609972,0.25714307633651623,0.24464091783060632,0.00697824,0.29266000000000003,0.03222800000000001,18.4,41.5,2.22
R2,303,19152,144,10043,-0.19726635583293725,-0.015598470318672836,0.04524671543094648,0.35080066919766406,0.015527030291330244,0.06476213727678572,1.218972243099715,0.7668064110649477,0.26311854332938805,0.24983090430189084,0.00695696,0.2895566666666667,0.031962000000000004,17.8,46.1,2.08
R2,303,19285,145,9516,-0.20539555472971324,-0.015825487061671008,0.04736625223775609,0.32152652302363494,0.01470706798760719,0.06731359649122806,1.0780501318389313,0.7457814374503363,0.25579170665005874,0.2417975421645362,0.00693568,0.28645333333333334,0.031696,16.6,35.9,2.53
R2,303,19418,146,9274,-0.1431239657514555,-0.011217453305543959,0.04716207130187857,0.33252148683191846,0.016714569480008257,0.06614660134981852,1.1679551867121778,0.7712683236184643,0.2558376691883973,0.2444533933546266,0.0069144,0.28335000000000005,0.03143000000000001,17.4,43.3,2.19
R2,303,19551,147,9933,-0.20617259460418452,-0.015279145769955548,0.044732337440993,0.330784601853846,0.017328731619726034,0.06292349466463415,1.1695034878665145,0.7620098500681984,0.2529510721089001,0.24229323028672606,0.006893120000000001,0.2802466666666667,0.031164000000000004,17.9,43.5,2.16
R2,303,19684,148,9489,-0.19757339129345564,-0.0156564632564587,0.04322649933416598,0.3339506950542018,0.013961080163914324,0.06746103916642568,1.0663246294496598,0.7776739688170716,0.2585788773426808,0.24063986303997947,0.006871840000000001,0.2771433333333334,0.030898000000000005,16.4,38.1,2.44
R2,303,19817,149,8762,-0.29738472335389726,-0.021788263541883224,0.05199842622105573,0.3451852755515385,0.013922260841608315,0.06692820581896552,1.1694424849737524,0.722227932543499,0.2538923437012094,0.2490905079507522,0.00685056,0.27404000000000006,0.030632000000000006,16.5,37.2,2.48
R2,303,19950,150,9690,-0.23777624025617958,-0.016053438503643866,0.04492261031308065,0.33331013304136653,0.01705534208420346,0.06844330342271819,1.1421209881708496,0.7489642741580504,0.25834771214602376,0.2514846370656932,0.00682928,0.27093666666666666,0.030366000000000004,18.5,38.7,2.33
R2,303,20083,151,10031,-0.24477274254431494,-0.014386753950965664,0.04836460364424126,0.3348195853572151,0.01533722220657413,0.06825438647380364,1.1594328084996164,0.728164782517986,0.2536667508582853,0.24580691010842698,0.006808,0.2678333333333333,0.030100000000000005,17.9,38.2,2.37
